Fase,ClienteID,Iteracion,Latencia_ms,CPU_Load,RAM_MB,Status
WARMUP,1,1,143,2.67,21.67,OK
WARMUP,3,1,156,2.67,21.67,OK
WARMUP,2,1,146,2.67,21.68,OK
WARMUP,4,1,145,2.67,21.69,OK
WARMUP,1,2,142,2.67,21.71,OK
WARMUP,3,2,152,2.67,21.70,OK
WARMUP,4,2,147,2.67,21.71,OK
WARMUP,3,3,138,2.67,21.72,OK
WARMUP,1,3,137,2.67,21.73,OK
WARMUP,1,4,137,2.67,21.74,OK
WARMUP,3,4,148,2.67,21.75,OK
WARMUP,3,5,140,2.67,21.75,OK
WARMUP,1,5,140,2.67,21.76,OK
WARMUP,2,2,258,2.67,21.77,OK
WARMUP,2,3,219,2.67,21.78,OK
WARMUP,2,4,178,2.67,21.78,OK
WARMUP,3,6,140,2.67,21.79,OK
WARMUP,4,3,248,2.67,21.80,OK
WARMUP,4,4,208,2.67,21.81,OK
WARMUP,4,5,168,2.67,21.82,OK
WARMUP,2,5,169,2.67,21.82,OK
WARMUP,1,6,144,2.67,21.83,OK
WARMUP,2,6,162,2.67,21.84,OK
WARMUP,4,6,167,2.67,21.85,OK
WARMUP,3,7,144,2.67,21.86,OK
WARMUP,2,7,138,2.67,21.86,OK
WARMUP,4,7,138,2.67,21.87,OK
WARMUP,1,7,148,2.67,21.88,OK
WARMUP,3,8,146,2.67,21.89,OK
WARMUP,1,8,138,2.67,21.90,OK
WARMUP,4,8,134,2.67,21.90,OK
WARMUP,2,8,150,2.67,21.91,OK
WARMUP,3,9,143,2.67,21.92,OK
WARMUP,1,9,140,2.67,21.93,OK
WARMUP,4,9,137,2.67,21.94,OK
WARMUP,2,9,148,2.67,21.94,OK
WARMUP,3,10,144,2.67,21.95,OK
WARMUP,4,10,133,2.67,21.96,OK
WARMUP,1,10,153,2.67,21.97,OK
WARMUP,2,10,152,2.67,21.98,OK
WARMUP,3,11,147,2.67,21.98,OK
WARMUP,1,11,140,2.67,21.99,OK
WARMUP,4,11,147,2.67,22.00,OK
WARMUP,2,11,152,2.67,22.01,OK
WARMUP,3,12,137,2.67,22.02,OK
WARMUP,1,12,140,2.67,22.02,OK
WARMUP,2,12,142,2.67,22.03,OK
WARMUP,4,12,146,2.67,22.04,OK
WARMUP,3,13,150,2.67,22.05,OK
WARMUP,1,13,141,2.67,22.06,OK
WARMUP,2,13,136,2.67,22.06,OK
WARMUP,3,14,137,2.67,22.07,OK
WARMUP,1,14,142,2.67,22.08,OK
WARMUP,2,14,153,2.67,22.09,OK
WARMUP,3,15,141,2.67,22.10,OK
WARMUP,1,15,138,2.67,22.10,OK
WARMUP,2,15,145,2.67,22.11,OK
WARMUP,4,13,236,2.67,22.13,OK
WARMUP,4,14,195,2.67,22.13,OK
WARMUP,4,15,154,2.67,22.13,OK
WARMUP,3,16,143,2.67,22.14,OK
WARMUP,1,16,144,2.67,22.15,OK
WARMUP,2,16,139,2.67,22.16,OK
WARMUP,4,16,153,2.67,22.17,OK
WARMUP,3,17,133,2.67,22.17,OK
WARMUP,1,17,142,2.67,22.18,OK
WARMUP,4,17,139,2.67,22.19,OK
WARMUP,2,17,145,2.67,22.20,OK
WARMUP,1,18,138,2.67,22.21,OK
WARMUP,3,18,152,2.67,22.21,OK
WARMUP,2,18,151,2.67,22.22,OK
WARMUP,4,18,152,2.67,22.23,OK
WARMUP,3,19,147,2.67,22.24,OK
WARMUP,1,19,141,2.67,21.53,OK
WARMUP,4,19,139,2.67,21.54,OK
WARMUP,2,19,148,2.67,21.54,OK
WARMUP,3,20,146,2.67,21.55,OK
WARMUP,1,20,146,2.67,21.56,OK
WARMUP,4,20,144,2.67,21.57,OK
WARMUP,2,20,156,2.67,21.58,OK
WARMUP,3,21,145,2.67,21.58,OK
WARMUP,1,21,139,2.67,21.59,OK
WARMUP,2,21,144,2.67,21.60,OK
WARMUP,4,21,143,2.67,21.61,OK
WARMUP,3,22,147,2.67,21.62,OK
WARMUP,1,22,144,2.67,21.62,OK
WARMUP,4,22,140,2.67,21.63,OK
WARMUP,2,22,144,2.67,21.64,OK
WARMUP,1,23,136,2.67,21.65,OK
WARMUP,3,23,147,2.67,21.65,OK
WARMUP,4,23,139,2.67,21.66,OK
WARMUP,2,23,144,2.67,21.67,OK
WARMUP,3,24,140,2.67,21.68,OK
WARMUP,1,24,137,2.67,21.69,OK
WARMUP,4,24,146,2.67,21.69,OK
WARMUP,2,24,156,2.67,21.70,OK
WARMUP,3,25,148,2.67,21.71,OK
WARMUP,4,25,137,2.67,21.72,OK
WARMUP,2,25,140,2.67,21.73,OK
WARMUP,1,25,152,2.67,21.73,OK
WARMUP,3,26,148,2.67,21.74,OK
WARMUP,1,26,139,2.67,21.75,OK
WARMUP,2,26,139,2.67,21.76,OK
WARMUP,4,26,143,2.67,21.77,OK
WARMUP,3,27,152,2.67,21.77,OK
WARMUP,1,27,143,2.67,21.78,OK
WARMUP,2,27,145,2.67,21.79,OK
WARMUP,4,27,150,2.67,21.80,OK
WARMUP,3,28,151,2.67,21.81,OK
WARMUP,1,28,143,2.67,21.82,OK
WARMUP,2,28,144,2.67,21.83,OK
WARMUP,4,28,145,2.67,21.84,OK
WARMUP,3,29,136,2.67,21.84,OK
WARMUP,1,29,139,2.67,21.85,OK
WARMUP,2,29,140,2.67,21.86,OK
WARMUP,4,29,150,2.67,21.87,OK
WARMUP,3,30,149,2.67,21.88,OK
WARMUP,1,30,145,2.67,21.88,OK
WARMUP,2,30,142,2.67,21.89,OK
WARMUP,4,30,147,2.67,21.90,OK
WARMUP,3,31,143,2.67,21.91,OK
WARMUP,1,31,139,2.67,21.92,OK
WARMUP,4,31,146,2.67,21.92,OK
WARMUP,2,31,149,2.67,21.93,OK
WARMUP,3,32,143,2.67,21.94,OK
WARMUP,4,32,137,2.67,21.95,OK
WARMUP,1,32,145,2.67,21.96,OK
WARMUP,2,32,146,2.67,21.96,OK
WARMUP,3,33,138,2.67,21.97,OK
WARMUP,1,33,141,2.67,21.98,OK
WARMUP,4,33,146,2.67,21.99,OK
WARMUP,2,33,153,2.67,22.00,OK
WARMUP,3,34,153,2.67,22.00,OK
WARMUP,1,34,145,2.67,22.01,OK
WARMUP,2,34,145,2.67,22.02,OK
WARMUP,4,34,149,2.67,22.03,OK
WARMUP,3,35,145,2.67,22.04,OK
WARMUP,1,35,143,2.67,22.04,OK
WARMUP,4,35,142,2.67,22.05,OK
WARMUP,2,35,145,2.67,22.06,OK
WARMUP,3,36,150,2.67,22.07,OK
WARMUP,1,36,149,2.67,22.08,OK
WARMUP,4,36,141,2.67,22.08,OK
WARMUP,2,36,142,2.67,22.09,OK
WARMUP,1,37,135,2.67,22.11,OK
WARMUP,3,37,145,2.67,22.10,OK
WARMUP,2,37,145,2.67,22.12,OK
WARMUP,4,37,147,2.67,22.12,OK
WARMUP,3,38,143,2.67,22.13,OK
WARMUP,1,38,141,2.67,22.14,OK
WARMUP,2,38,143,2.67,22.15,OK
WARMUP,4,38,146,2.67,22.16,OK
WARMUP,3,39,141,2.67,22.16,OK
WARMUP,1,39,137,2.67,22.17,OK
WARMUP,4,39,140,2.67,22.18,OK
WARMUP,2,39,154,2.67,22.19,OK
WARMUP,3,40,146,2.67,22.20,OK
WARMUP,1,40,140,2.67,22.20,OK
WARMUP,2,40,147,2.67,22.21,OK
WARMUP,4,40,147,2.67,22.22,OK
WARMUP,3,41,147,2.67,22.23,OK
WARMUP,1,41,150,2.67,22.24,OK
WARMUP,4,41,148,2.67,22.25,OK
WARMUP,2,41,150,2.67,22.24,OK
WARMUP,3,42,145,2.67,21.53,OK
WARMUP,1,42,139,2.67,21.54,OK
WARMUP,2,42,144,2.67,21.55,OK
WARMUP,4,42,149,2.67,21.56,OK
WARMUP,3,43,144,2.67,21.56,OK
WARMUP,1,43,146,2.67,21.57,OK
WARMUP,4,43,144,2.67,21.58,OK
WARMUP,2,43,147,2.67,21.59,OK
WARMUP,1,44,139,2.67,21.60,OK
WARMUP,3,44,151,2.67,21.60,OK
WARMUP,4,44,141,2.67,21.61,OK
WARMUP,2,44,149,2.67,21.62,OK
WARMUP,1,45,135,2.67,21.63,OK
WARMUP,3,45,147,2.67,21.64,OK
WARMUP,4,45,150,2.67,21.64,OK
WARMUP,2,45,152,2.67,21.65,OK
WARMUP,3,46,131,2.67,21.66,OK
WARMUP,1,46,147,2.67,21.67,OK
WARMUP,4,46,149,2.67,21.68,OK
WARMUP,2,46,149,2.67,21.68,OK
WARMUP,1,47,141,2.67,21.69,OK
WARMUP,3,47,158,2.67,21.70,OK
WARMUP,4,47,143,2.67,21.71,OK
WARMUP,2,47,151,2.67,21.72,OK
WARMUP,1,48,144,2.67,21.72,OK
WARMUP,3,48,157,2.67,21.73,OK
WARMUP,2,48,148,2.67,21.74,OK
WARMUP,4,48,148,2.67,21.75,OK
WARMUP,3,49,142,2.67,21.76,OK
WARMUP,4,49,135,2.67,21.76,OK
WARMUP,1,49,152,2.67,21.77,OK
WARMUP,2,49,145,2.67,21.78,OK
WARMUP,1,50,138,2.67,21.79,OK
WARMUP,3,50,149,2.67,21.80,OK
WARMUP,4,50,139,2.67,21.80,OK
WARMUP,2,50,141,2.67,21.81,OK
WARMUP,3,51,137,2.67,21.82,OK
WARMUP,1,51,147,2.67,21.83,OK
WARMUP,4,51,137,2.67,21.83,OK
WARMUP,2,51,153,2.67,21.84,OK
WARMUP,3,52,149,2.67,21.85,OK
WARMUP,1,52,149,2.67,21.86,OK
WARMUP,2,52,151,2.67,21.87,OK
WARMUP,4,52,156,2.67,21.88,OK
WARMUP,3,53,139,2.67,21.88,OK
WARMUP,1,53,135,2.67,21.89,OK
WARMUP,4,53,149,2.67,21.91,OK
WARMUP,2,53,151,2.67,21.90,OK
WARMUP,1,54,139,2.67,21.92,OK
WARMUP,3,54,153,2.67,21.92,OK
WARMUP,2,54,141,2.67,21.93,OK
WARMUP,4,54,144,2.67,21.94,OK
WARMUP,3,55,139,2.67,21.95,OK
WARMUP,1,55,147,2.67,21.96,OK
WARMUP,4,55,142,2.67,21.97,OK
WARMUP,2,55,142,2.67,21.96,OK
WARMUP,1,56,134,2.67,21.98,OK
WARMUP,3,56,141,2.67,21.99,OK
WARMUP,4,56,146,2.67,22.00,OK
WARMUP,2,56,150,2.67,22.00,OK
WARMUP,3,57,140,2.67,22.01,OK
WARMUP,1,57,136,2.67,22.02,OK
WARMUP,2,57,147,2.67,22.03,OK
WARMUP,4,57,146,2.67,22.04,OK
WARMUP,1,58,142,2.67,22.05,OK
WARMUP,3,58,146,2.67,22.04,OK
WARMUP,4,58,138,2.67,22.06,OK
WARMUP,2,58,141,2.67,22.07,OK
WARMUP,3,59,140,2.67,22.08,OK
WARMUP,1,59,152,2.67,22.08,OK
WARMUP,2,59,144,2.67,22.09,OK
WARMUP,4,59,151,2.67,22.10,OK
WARMUP,3,60,143,2.67,22.11,OK
WARMUP,1,60,148,2.67,22.12,OK
WARMUP,4,60,146,2.67,22.12,OK
WARMUP,2,60,148,2.67,22.13,OK
WARMUP,3,61,144,2.67,22.14,OK
WARMUP,1,61,150,2.67,22.15,OK
WARMUP,2,61,141,2.67,22.16,OK
WARMUP,4,61,152,2.67,22.16,OK
WARMUP,3,62,143,2.67,22.17,OK
WARMUP,1,62,149,2.67,22.18,OK
WARMUP,4,62,149,2.67,22.19,OK
WARMUP,2,62,156,2.67,22.20,OK
WARMUP,1,63,145,2.67,22.20,OK
WARMUP,2,63,146,2.67,22.21,OK
WARMUP,4,63,150,2.67,22.22,OK
WARMUP,1,64,135,2.67,22.23,OK
WARMUP,4,64,145,2.67,22.24,OK
WARMUP,2,64,155,2.67,22.24,OK
WARMUP,1,65,142,2.67,22.25,OK
WARMUP,3,63,235,2.67,22.27,OK
WARMUP,3,64,195,2.67,22.27,OK
WARMUP,3,65,155,2.67,22.27,OK
WARMUP,4,65,150,2.67,22.28,OK
WARMUP,2,65,153,2.67,22.29,OK
WARMUP,1,66,145,2.67,22.30,OK
WARMUP,3,66,161,2.67,21.50,OK
WARMUP,2,66,152,2.67,21.51,OK
WARMUP,4,66,156,2.67,21.52,OK
WARMUP,3,67,148,2.67,21.53,OK
WARMUP,1,67,142,2.67,21.53,OK
WARMUP,4,67,135,2.67,21.54,OK
WARMUP,2,67,149,2.67,21.55,OK
WARMUP,3,68,146,2.67,21.56,OK
WARMUP,1,68,145,2.67,21.57,OK
WARMUP,2,68,146,2.67,21.57,OK
WARMUP,4,68,155,2.67,21.58,OK
WARMUP,1,69,136,2.67,21.59,OK
WARMUP,3,69,142,2.67,21.60,OK
WARMUP,4,69,142,2.67,21.61,OK
WARMUP,2,69,146,2.67,21.61,OK
WARMUP,3,70,143,2.67,21.62,OK
WARMUP,1,70,140,2.67,21.63,OK
WARMUP,4,70,136,2.67,21.64,OK
WARMUP,2,70,142,2.67,21.65,OK
WARMUP,1,71,136,2.67,21.65,OK
WARMUP,3,71,144,2.67,21.66,OK
WARMUP,2,71,142,2.67,21.67,OK
WARMUP,4,71,151,2.67,21.68,OK
WARMUP,1,72,137,2.67,21.69,OK
WARMUP,3,72,145,2.67,21.69,OK
WARMUP,2,72,147,2.67,21.70,OK
WARMUP,4,72,147,2.67,21.71,OK
WARMUP,1,73,141,2.67,21.72,OK
WARMUP,3,73,147,2.67,21.73,OK
WARMUP,2,73,141,2.67,21.73,OK
WARMUP,4,73,152,2.67,21.74,OK
WARMUP,1,74,139,2.67,21.75,OK
WARMUP,3,74,150,2.67,21.76,OK
WARMUP,4,74,142,2.67,21.77,OK
WARMUP,2,74,146,2.67,21.77,OK
WARMUP,3,75,139,2.67,21.78,OK
WARMUP,1,75,145,2.67,21.79,OK
WARMUP,4,75,148,2.67,21.80,OK
WARMUP,2,75,159,2.67,21.81,OK
WARMUP,1,76,148,2.67,21.81,OK
WARMUP,3,76,152,2.67,21.82,OK
WARMUP,4,76,143,2.67,21.83,OK
WARMUP,2,76,152,2.67,21.84,OK
WARMUP,1,77,140,2.67,21.85,OK
WARMUP,3,77,147,2.67,21.85,OK
WARMUP,2,77,139,2.67,21.86,OK
WARMUP,4,77,148,2.67,21.87,OK
WARMUP,3,78,141,2.67,21.88,OK
WARMUP,1,78,147,2.67,21.89,OK
WARMUP,4,78,142,2.67,21.89,OK
WARMUP,2,78,151,2.67,21.90,OK
WARMUP,3,79,137,2.67,21.91,OK
WARMUP,1,79,148,2.67,21.92,OK
WARMUP,2,79,147,2.67,21.92,OK
WARMUP,4,79,148,2.67,21.93,OK
WARMUP,3,80,137,2.67,21.94,OK
WARMUP,1,80,143,2.67,21.95,OK
WARMUP,4,80,139,2.67,21.96,OK
WARMUP,2,80,142,2.67,21.96,OK
WARMUP,1,81,142,2.67,21.97,OK
WARMUP,3,81,147,2.67,21.98,OK
WARMUP,4,81,142,2.67,21.99,OK
WARMUP,2,81,146,2.67,22.00,OK
WARMUP,1,82,138,2.67,22.00,OK
WARMUP,3,82,148,2.67,22.01,OK
WARMUP,4,82,143,2.67,22.02,OK
WARMUP,2,82,153,2.67,22.03,OK
WARMUP,1,83,147,2.67,22.04,OK
WARMUP,3,83,153,2.67,22.04,OK
WARMUP,4,83,154,2.67,22.05,OK
WARMUP,2,83,156,2.67,22.06,OK
WARMUP,3,84,139,2.67,22.07,OK
WARMUP,1,84,145,2.67,22.08,OK
WARMUP,4,84,138,2.67,22.09,OK
WARMUP,2,84,158,2.67,22.09,OK
WARMUP,1,85,142,2.67,22.10,OK
WARMUP,3,85,145,2.67,22.11,OK
WARMUP,2,85,144,2.67,22.12,OK
WARMUP,4,85,150,2.67,22.13,OK
WARMUP,3,86,141,2.67,22.13,OK
WARMUP,4,86,135,2.67,22.15,OK
WARMUP,1,86,152,2.67,22.14,OK
WARMUP,2,86,146,2.67,22.16,OK
WARMUP,1,87,143,2.67,22.17,OK
WARMUP,3,87,150,2.67,22.17,OK
WARMUP,2,87,146,2.67,22.18,OK
WARMUP,4,87,142,2.67,22.19,OK
WARMUP,1,88,140,2.67,22.20,OK
WARMUP,2,88,142,2.67,22.21,OK
WARMUP,4,88,145,2.67,22.21,OK
WARMUP,3,88,160,2.67,22.22,OK
WARMUP,3,89,142,2.67,22.23,OK
WARMUP,1,89,144,2.67,22.24,OK
WARMUP,4,89,143,2.67,22.25,OK
WARMUP,2,89,148,2.67,22.25,OK
WARMUP,3,90,146,2.67,22.26,OK
WARMUP,1,90,150,2.67,22.27,OK
WARMUP,4,90,139,2.67,22.28,OK
WARMUP,2,90,143,2.67,22.29,OK
WARMUP,1,91,144,2.67,22.29,OK
WARMUP,3,91,148,2.67,21.50,OK
WARMUP,2,91,151,2.67,21.51,OK
WARMUP,4,91,149,2.67,21.52,OK
WARMUP,3,92,139,2.67,21.53,OK
WARMUP,1,92,141,2.67,21.53,OK
WARMUP,2,92,150,2.67,21.54,OK
WARMUP,4,92,150,2.67,21.55,OK
WARMUP,3,93,143,2.67,21.56,OK
WARMUP,1,93,143,2.67,21.57,OK
WARMUP,2,93,148,2.67,21.57,OK
WARMUP,4,93,150,2.67,21.58,OK
WARMUP,1,94,137,2.67,21.59,OK
WARMUP,3,94,141,2.67,21.60,OK
WARMUP,4,94,135,2.67,21.61,OK
WARMUP,2,94,138,2.67,21.61,OK
WARMUP,3,95,143,2.67,21.62,OK
WARMUP,1,95,151,2.67,21.63,OK
WARMUP,4,95,149,2.67,21.64,OK
WARMUP,2,95,159,2.67,21.65,OK
WARMUP,1,96,137,2.67,21.65,OK
WARMUP,3,96,143,2.67,21.66,OK
WARMUP,2,96,144,2.67,21.67,OK
WARMUP,4,96,143,2.67,21.68,OK
WARMUP,3,97,137,2.67,21.69,OK
WARMUP,1,97,140,2.67,21.69,OK
WARMUP,4,97,138,2.67,21.70,OK
WARMUP,2,97,144,2.67,21.71,OK
WARMUP,1,98,145,2.67,21.72,OK
WARMUP,3,98,146,2.67,21.73,OK
WARMUP,4,98,138,2.67,21.73,OK
WARMUP,2,98,152,2.67,21.74,OK
WARMUP,3,99,145,2.67,21.75,OK
WARMUP,1,99,145,2.67,21.76,OK
WARMUP,4,99,144,2.67,21.77,OK
WARMUP,2,99,152,2.67,21.77,OK
WARMUP,1,100,135,2.67,21.78,OK
WARMUP,3,100,142,2.67,21.79,OK
WARMUP,2,100,154,2.67,21.80,OK
WARMUP,4,100,151,2.67,21.81,OK
STEADY,3,101,143,2.67,21.81,OK
STEADY,1,101,144,2.67,21.82,OK
STEADY,4,101,140,2.67,21.84,OK
STEADY,2,101,144,2.67,21.83,OK
STEADY,3,102,138,2.67,21.85,OK
STEADY,1,102,146,2.67,21.85,OK
STEADY,2,102,147,2.67,21.86,OK
STEADY,4,102,151,2.67,21.87,OK
STEADY,1,103,147,2.67,21.89,OK
STEADY,3,103,149,2.67,21.88,OK
STEADY,2,103,148,2.67,21.89,OK
STEADY,4,103,148,2.67,21.90,OK
STEADY,3,104,138,2.67,21.91,OK
STEADY,1,104,138,2.67,21.92,OK
STEADY,2,104,154,2.67,21.93,OK
STEADY,4,104,153,2.67,21.93,OK
STEADY,1,105,139,2.67,21.94,OK
STEADY,3,105,142,2.67,21.95,OK
STEADY,2,105,152,2.67,21.96,OK
STEADY,4,105,150,2.67,21.97,OK
STEADY,1,106,141,2.67,21.97,OK
STEADY,3,106,143,2.67,21.98,OK
STEADY,4,106,139,2.61,21.99,OK
STEADY,2,106,145,2.61,22.00,OK
STEADY,1,107,139,2.61,22.01,OK
STEADY,3,107,142,2.61,22.01,OK
STEADY,4,107,139,2.61,22.02,OK
STEADY,2,107,145,2.61,22.03,OK
STEADY,3,108,137,2.61,22.04,OK
STEADY,1,108,150,2.61,22.05,OK
STEADY,4,108,141,2.61,22.05,OK
STEADY,2,108,151,2.61,22.06,OK
STEADY,1,109,142,2.61,22.07,OK
STEADY,2,109,136,2.61,22.08,OK
STEADY,3,109,148,2.61,22.09,OK
STEADY,4,109,140,2.61,22.09,OK
STEADY,1,110,137,2.61,22.10,OK
STEADY,3,110,150,2.61,22.11,OK
STEADY,2,110,147,2.61,22.12,OK
STEADY,4,110,147,2.61,22.13,OK
STEADY,1,111,141,2.61,22.14,OK
STEADY,3,111,142,2.61,22.13,OK
STEADY,2,111,143,2.61,22.15,OK
STEADY,4,111,147,2.61,22.16,OK
STEADY,1,112,139,2.61,22.17,OK
STEADY,3,112,145,2.61,22.17,OK
STEADY,2,112,143,2.61,22.18,OK
STEADY,4,112,140,2.61,22.19,OK
STEADY,3,113,137,2.61,22.20,OK
STEADY,1,113,137,2.61,22.21,OK
STEADY,2,113,147,2.61,22.21,OK
STEADY,4,113,146,2.61,22.22,OK
STEADY,1,114,143,2.61,22.23,OK
STEADY,3,114,150,2.61,22.24,OK
STEADY,2,114,149,2.61,22.25,OK
STEADY,4,114,148,2.61,22.25,OK
STEADY,3,115,143,2.61,22.26,OK
STEADY,1,115,144,2.61,22.27,OK
STEADY,4,115,136,2.61,22.28,OK
STEADY,2,115,148,2.61,22.29,OK
STEADY,1,116,137,2.61,22.29,OK
STEADY,4,116,132,2.61,21.50,OK
STEADY,3,116,147,2.61,21.51,OK
STEADY,2,116,143,2.61,21.52,OK
STEADY,1,117,141,2.61,21.53,OK
STEADY,2,117,142,2.61,21.53,OK
STEADY,3,117,149,2.61,21.54,OK
STEADY,4,117,138,2.61,21.55,OK
STEADY,1,118,139,2.61,21.56,OK
STEADY,3,118,141,2.61,21.57,OK
STEADY,4,118,136,2.61,21.57,OK
STEADY,2,118,152,2.61,21.58,OK
STEADY,3,119,137,2.61,21.59,OK
STEADY,1,119,139,2.61,21.60,OK
STEADY,2,119,150,2.61,21.61,OK
STEADY,4,119,152,2.61,21.61,OK
STEADY,3,120,149,2.61,21.62,OK
STEADY,1,120,146,2.61,21.63,OK
STEADY,4,120,140,2.61,21.64,OK
STEADY,2,120,152,2.61,21.65,OK
STEADY,1,121,140,2.61,21.66,OK
STEADY,3,121,141,2.61,21.65,OK
STEADY,2,121,147,2.61,21.67,OK
STEADY,4,121,139,2.61,21.68,OK
STEADY,3,122,138,2.61,21.69,OK
STEADY,2,122,141,2.61,21.69,OK
STEADY,1,122,147,2.61,21.70,OK
STEADY,4,122,150,2.61,21.71,OK
STEADY,1,123,136,2.61,21.72,OK
STEADY,3,123,144,2.61,21.73,OK
STEADY,2,123,152,2.61,21.73,OK
STEADY,4,123,147,2.61,21.74,OK
STEADY,3,124,149,2.61,21.75,OK
STEADY,1,124,154,2.61,21.76,OK
STEADY,4,124,141,2.61,21.77,OK
STEADY,2,124,154,2.61,21.77,OK
STEADY,1,125,144,2.61,21.79,OK
STEADY,3,125,144,2.61,21.78,OK
STEADY,2,125,150,2.61,21.80,OK
STEADY,4,125,148,2.61,21.81,OK
STEADY,3,126,144,2.61,21.81,OK
STEADY,1,126,147,2.61,21.82,OK
STEADY,2,126,152,2.61,21.83,OK
STEADY,4,126,152,2.61,21.84,OK
STEADY,3,127,140,2.61,21.85,OK
STEADY,1,127,139,2.61,21.85,OK
STEADY,2,127,146,2.61,21.86,OK
STEADY,4,127,143,2.61,21.87,OK
STEADY,1,128,137,2.61,21.88,OK
STEADY,3,128,137,2.61,21.89,OK
STEADY,2,128,149,2.61,21.89,OK
STEADY,4,128,154,2.61,21.90,OK
STEADY,1,129,142,2.61,21.91,OK
STEADY,3,129,145,2.61,21.92,OK
STEADY,4,129,146,2.61,21.93,OK
STEADY,2,129,154,2.61,21.93,OK
STEADY,1,130,143,2.61,21.94,OK
STEADY,2,130,141,2.61,21.95,OK
STEADY,3,130,148,2.61,21.96,OK
STEADY,4,130,151,2.61,21.97,OK
STEADY,3,131,142,2.61,21.97,OK
STEADY,1,131,149,2.61,21.98,OK
STEADY,2,131,151,2.61,21.99,OK
STEADY,4,131,149,2.61,22.00,OK
STEADY,1,132,141,2.61,22.01,OK
STEADY,3,132,144,2.61,22.01,OK
STEADY,2,132,146,2.61,22.02,OK
STEADY,4,132,152,2.61,22.03,OK
STEADY,1,133,136,2.61,22.04,OK
STEADY,3,133,149,2.61,22.05,OK
STEADY,2,133,148,2.61,22.05,OK
STEADY,4,133,142,2.61,22.06,OK
STEADY,1,134,132,2.61,22.07,OK
STEADY,3,134,141,2.61,22.08,OK
STEADY,2,134,151,2.61,22.09,OK
STEADY,4,134,147,2.61,22.09,OK
STEADY,3,135,141,2.61,22.10,OK
STEADY,1,135,143,2.61,22.11,OK
STEADY,2,135,147,2.61,22.12,OK
STEADY,4,135,145,2.61,22.13,OK
STEADY,1,136,139,2.61,22.14,OK
STEADY,3,136,141,2.61,22.15,OK
STEADY,4,136,138,2.61,22.15,OK
STEADY,2,136,155,2.61,22.16,OK
STEADY,1,137,146,2.61,22.18,OK
STEADY,2,137,141,2.61,22.17,OK
STEADY,3,137,147,2.61,22.19,OK
STEADY,4,137,159,2.61,22.19,OK
STEADY,1,138,141,2.61,22.20,OK
STEADY,2,138,141,2.61,22.21,OK
STEADY,3,138,148,2.61,22.22,OK
STEADY,1,139,135,2.61,22.23,OK
STEADY,3,139,147,2.61,22.23,OK
STEADY,2,139,149,2.61,22.24,OK
STEADY,1,140,139,2.61,22.25,OK
STEADY,3,140,146,2.61,22.26,OK
STEADY,2,140,154,2.61,22.27,OK
STEADY,4,138,241,2.61,22.28,OK
STEADY,4,139,201,2.61,22.29,OK
STEADY,4,140,161,2.61,22.29,OK
STEADY,1,141,143,2.61,22.30,OK
STEADY,3,141,145,2.61,22.30,OK
STEADY,2,141,149,2.61,21.51,OK
STEADY,1,142,135,2.61,21.52,OK
STEADY,4,141,166,2.61,21.52,OK
STEADY,3,142,148,2.61,21.53,OK
STEADY,4,142,143,2.61,21.55,OK
STEADY,2,142,151,2.61,21.54,OK
STEADY,3,143,147,2.61,21.56,OK
STEADY,1,143,149,2.61,21.56,OK
STEADY,2,143,148,2.61,21.57,OK
STEADY,4,143,161,2.61,21.58,OK
STEADY,2,144,135,2.61,21.59,OK
STEADY,1,144,139,2.61,21.60,OK
STEADY,3,144,147,2.61,21.60,OK
STEADY,4,144,147,2.61,21.61,OK
STEADY,1,145,146,2.61,21.63,OK
STEADY,3,145,151,2.61,21.62,OK
STEADY,2,145,154,2.61,21.64,OK
STEADY,4,145,149,2.61,21.64,OK
STEADY,3,146,138,2.61,21.65,OK
STEADY,1,146,137,2.61,21.66,OK
STEADY,2,146,145,2.61,21.67,OK
STEADY,4,146,141,2.61,21.68,OK
STEADY,3,147,143,2.61,21.68,OK
STEADY,1,147,140,2.61,21.69,OK
STEADY,2,147,154,2.61,21.70,OK
STEADY,4,147,147,2.61,21.71,OK
STEADY,1,148,138,2.61,21.72,OK
STEADY,3,148,147,2.61,21.72,OK
STEADY,4,148,140,2.61,21.73,OK
STEADY,2,148,147,2.61,21.74,OK
STEADY,1,149,130,2.61,21.75,OK
STEADY,3,149,137,2.61,21.76,OK
STEADY,2,149,147,2.61,21.76,OK
STEADY,4,149,143,2.61,21.77,OK
STEADY,3,150,139,2.61,21.78,OK
STEADY,4,150,139,2.61,21.79,OK
STEADY,1,150,148,2.61,21.80,OK
STEADY,2,150,153,2.61,21.80,OK
STEADY,3,151,138,2.61,21.81,OK
STEADY,1,151,141,2.61,21.82,OK
STEADY,2,151,147,2.61,21.83,OK
STEADY,4,151,146,2.61,21.84,OK
STEADY,3,152,138,2.61,21.85,OK
STEADY,1,152,147,2.61,21.86,OK
STEADY,4,152,140,2.61,21.86,OK
STEADY,2,152,151,2.61,21.87,OK
STEADY,1,153,144,2.61,21.88,OK
STEADY,3,153,148,2.61,21.89,OK
STEADY,2,153,142,2.61,21.90,OK
STEADY,4,153,140,2.61,21.90,OK
STEADY,1,154,138,2.61,21.91,OK
STEADY,3,154,147,2.61,21.92,OK
STEADY,4,154,137,2.61,21.93,OK
STEADY,2,154,152,2.61,21.94,OK
STEADY,1,155,133,2.61,21.95,OK
STEADY,3,155,138,2.61,21.94,OK
STEADY,2,155,149,2.61,21.96,OK
STEADY,4,155,145,2.61,21.97,OK
STEADY,3,156,152,2.61,21.98,OK
STEADY,2,156,147,2.61,21.98,OK
STEADY,4,156,146,2.61,21.99,OK
STEADY,1,156,160,2.61,22.00,OK
STEADY,3,157,140,2.61,22.01,OK
STEADY,1,157,140,2.61,22.02,OK
STEADY,2,157,145,2.61,22.02,OK
STEADY,4,157,145,2.61,22.03,OK
STEADY,3,158,142,2.61,22.04,OK
STEADY,1,158,149,2.61,22.05,OK
STEADY,4,158,148,2.61,22.06,OK
STEADY,2,158,152,2.61,22.06,OK
STEADY,3,159,144,2.61,22.07,OK
STEADY,2,159,140,2.61,22.08,OK
STEADY,1,159,143,2.61,22.09,OK
STEADY,4,159,139,2.61,22.10,OK
STEADY,3,160,143,2.61,22.10,OK
STEADY,1,160,143,2.61,22.11,OK
STEADY,4,160,140,2.61,22.12,OK
STEADY,2,160,158,2.61,22.13,OK
STEADY,1,161,138,2.61,22.14,OK
STEADY,3,161,143,2.61,22.14,OK
STEADY,4,161,145,2.61,22.16,OK
STEADY,2,161,152,2.61,22.15,OK
STEADY,1,162,137,2.61,22.17,OK
STEADY,3,162,151,2.61,22.18,OK
STEADY,2,162,150,2.61,22.18,OK
STEADY,4,162,143,2.61,22.19,OK
STEADY,3,163,143,2.61,22.20,OK
STEADY,2,163,142,2.61,22.21,OK
STEADY,4,163,145,2.61,22.22,OK
STEADY,1,163,153,2.61,22.22,OK
STEADY,1,164,143,2.61,22.23,OK
STEADY,3,164,152,2.61,22.24,OK
STEADY,4,164,140,2.61,22.25,OK
STEADY,2,164,151,2.61,22.26,OK
STEADY,3,165,141,2.61,22.26,OK
STEADY,2,165,142,2.61,22.27,OK
STEADY,4,165,134,2.61,22.28,OK
STEADY,1,165,147,2.61,22.29,OK
STEADY,3,166,146,2.61,22.30,OK
STEADY,1,166,144,2.61,22.30,OK
STEADY,4,166,140,2.61,21.51,OK
STEADY,2,166,150,2.61,21.52,OK
STEADY,3,167,136,2.61,21.52,OK
STEADY,1,167,140,2.61,21.53,OK
STEADY,4,167,141,2.61,21.54,OK
STEADY,2,167,154,2.61,21.55,OK
STEADY,3,168,137,2.61,21.56,OK
STEADY,1,168,140,2.61,21.56,OK
STEADY,4,168,144,2.61,21.57,OK
STEADY,2,168,154,2.61,21.58,OK
STEADY,3,169,144,2.61,21.59,OK
STEADY,1,169,140,2.61,21.60,OK
STEADY,2,169,143,2.61,21.60,OK
STEADY,4,169,152,2.61,21.61,OK
STEADY,3,170,138,2.61,21.62,OK
STEADY,1,170,140,2.61,21.63,OK
STEADY,4,170,139,2.61,21.64,OK
STEADY,2,170,159,2.61,21.64,OK
STEADY,3,171,140,2.61,21.65,OK
STEADY,1,171,142,2.61,21.66,OK
STEADY,2,171,148,2.61,21.67,OK
STEADY,4,171,145,2.61,21.68,OK
STEADY,3,172,142,2.61,21.68,OK
STEADY,1,172,143,2.61,21.69,OK
STEADY,2,172,144,2.61,21.70,OK
STEADY,4,172,139,2.61,21.71,OK
STEADY,1,173,139,2.61,21.72,OK
STEADY,3,173,145,2.61,21.72,OK
STEADY,2,173,148,2.61,21.73,OK
STEADY,4,173,143,2.61,21.74,OK
STEADY,3,174,141,2.61,21.75,OK
STEADY,2,174,146,2.61,21.76,OK
STEADY,4,174,142,2.61,21.76,OK
STEADY,1,174,152,2.61,21.77,OK
STEADY,3,175,149,2.61,21.78,OK
STEADY,4,175,135,2.61,21.79,OK
STEADY,1,175,145,2.61,21.80,OK
STEADY,2,175,148,2.61,21.80,OK
STEADY,3,176,129,2.61,21.81,OK
STEADY,1,176,142,2.61,21.82,OK
STEADY,4,176,144,2.61,21.83,OK
STEADY,2,176,152,2.61,21.84,OK
STEADY,3,177,142,2.61,21.84,OK
STEADY,1,177,139,2.61,21.85,OK
STEADY,2,177,152,2.61,21.86,OK
STEADY,4,177,150,2.61,21.87,OK
STEADY,3,178,151,2.61,21.88,OK
STEADY,2,178,144,2.61,21.88,OK
STEADY,1,178,145,2.61,21.89,OK
STEADY,4,178,155,2.61,21.90,OK
STEADY,3,179,146,2.61,21.91,OK
STEADY,4,179,141,2.61,21.92,OK
STEADY,1,179,148,2.61,21.92,OK
STEADY,2,179,154,2.61,21.93,OK
STEADY,3,180,140,2.61,21.94,OK
STEADY,1,180,146,2.61,21.95,OK
STEADY,4,180,144,2.61,21.96,OK
STEADY,2,180,150,2.61,21.96,OK
STEADY,3,181,147,2.61,21.97,OK
STEADY,1,181,142,2.61,21.98,OK
STEADY,4,181,137,2.61,21.99,OK
STEADY,2,181,148,2.61,22.00,OK
STEADY,3,182,144,2.61,22.00,OK
STEADY,2,182,138,2.61,22.01,OK
STEADY,4,182,139,2.61,22.02,OK
STEADY,1,182,157,2.61,22.03,OK
STEADY,3,183,145,2.61,22.04,OK
STEADY,2,183,139,2.61,22.04,OK
STEADY,1,183,150,2.61,22.05,OK
STEADY,4,183,151,2.61,22.06,OK
STEADY,3,184,146,2.61,22.07,OK
STEADY,1,184,145,2.61,22.08,OK
STEADY,2,184,145,2.61,22.08,OK
STEADY,4,184,149,2.61,22.09,OK
STEADY,1,185,140,2.61,22.11,OK
STEADY,3,185,150,2.61,22.10,OK
STEADY,2,185,152,2.61,22.12,OK
STEADY,4,185,146,2.61,22.12,OK
STEADY,3,186,139,2.61,22.13,OK
STEADY,1,186,138,2.61,22.14,OK
STEADY,4,186,141,2.61,22.15,OK
STEADY,2,186,151,2.61,22.16,OK
STEADY,3,187,132,2.61,22.16,OK
STEADY,1,187,139,2.61,22.17,OK
STEADY,4,187,141,2.61,22.18,OK
STEADY,2,187,150,2.61,22.19,OK
STEADY,3,188,145,2.61,22.20,OK
STEADY,1,188,139,2.61,22.20,OK
STEADY,2,188,141,2.61,22.21,OK
STEADY,4,188,142,2.61,22.22,OK
STEADY,3,189,145,2.61,22.23,OK
STEADY,1,189,148,2.61,22.24,OK
STEADY,2,189,149,2.61,22.24,OK
STEADY,4,189,147,2.61,22.25,OK
STEADY,3,190,143,2.61,22.26,OK
STEADY,1,190,140,2.61,22.27,OK
STEADY,2,190,150,2.61,22.28,OK
STEADY,4,190,147,2.61,22.28,OK
STEADY,3,191,143,2.61,22.29,OK
STEADY,1,191,139,2.61,22.30,OK
STEADY,2,191,143,2.61,21.51,OK
STEADY,4,191,148,2.61,21.52,OK
STEADY,3,192,146,2.61,21.52,OK
STEADY,1,192,142,2.61,21.53,OK
STEADY,4,192,141,2.61,21.54,OK
STEADY,2,192,149,2.61,21.55,OK
STEADY,3,193,135,2.61,21.56,OK
STEADY,1,193,141,2.61,21.56,OK
STEADY,2,193,147,2.61,21.57,OK
STEADY,4,193,146,2.61,21.58,OK
STEADY,3,194,137,2.61,21.59,OK
STEADY,1,194,135,2.61,21.60,OK
STEADY,4,194,140,2.61,21.61,OK
STEADY,2,194,147,2.61,21.62,OK
STEADY,3,195,140,2.61,21.62,OK
STEADY,1,195,141,2.61,21.63,OK
STEADY,2,195,151,2.61,21.64,OK
STEADY,4,195,146,2.61,21.65,OK
STEADY,3,196,144,2.61,21.66,OK
STEADY,1,196,149,2.61,21.66,OK
STEADY,2,196,150,2.61,21.67,OK
STEADY,4,196,148,2.61,21.68,OK
STEADY,1,197,129,2.61,21.69,OK
STEADY,3,197,153,2.61,21.70,OK
STEADY,2,197,149,2.61,21.71,OK
STEADY,4,197,146,2.61,21.71,OK
STEADY,3,198,145,2.61,21.72,OK
STEADY,2,198,138,2.61,21.73,OK
STEADY,4,198,141,2.61,21.74,OK
STEADY,1,198,149,2.61,21.75,OK
STEADY,3,199,135,2.61,21.75,OK
STEADY,1,199,138,2.61,21.76,OK
STEADY,2,199,145,2.61,21.77,OK
STEADY,4,199,141,2.61,21.78,OK
STEADY,3,200,144,2.61,21.79,OK
STEADY,2,200,138,2.61,21.79,OK
STEADY,1,200,146,2.61,21.80,OK
STEADY,4,200,143,2.61,21.81,OK
STEADY,3,201,142,2.61,21.82,OK
STEADY,1,201,137,2.61,21.83,OK
STEADY,2,201,143,2.61,21.83,OK
STEADY,4,201,145,2.61,21.84,OK
STEADY,3,202,151,2.61,21.85,OK
STEADY,1,202,145,2.61,21.86,OK
STEADY,4,202,143,2.61,21.87,OK
STEADY,2,202,148,2.61,21.87,OK
STEADY,3,203,143,2.61,21.88,OK
STEADY,2,203,142,2.61,21.89,OK
STEADY,4,203,138,2.61,21.90,OK
STEADY,1,203,146,2.61,21.91,OK
STEADY,3,204,137,2.61,21.91,OK
STEADY,1,204,146,2.61,21.93,OK
STEADY,2,204,144,2.61,21.92,OK
STEADY,4,204,149,2.61,21.94,OK
STEADY,3,205,137,2.61,21.95,OK
STEADY,1,205,142,2.61,21.95,OK
STEADY,2,205,141,2.61,21.96,OK
STEADY,4,205,143,2.61,21.97,OK
STEADY,3,206,147,2.61,21.98,OK
STEADY,2,206,140,2.61,21.99,OK
STEADY,1,206,142,2.61,21.99,OK
STEADY,4,206,146,2.61,22.00,OK
STEADY,1,207,136,2.61,22.01,OK
STEADY,3,207,146,2.61,22.02,OK
STEADY,4,207,138,2.61,22.03,OK
STEADY,2,207,148,2.61,22.03,OK
STEADY,1,208,137,2.61,22.05,OK
STEADY,3,208,149,2.61,22.04,OK
STEADY,2,208,152,2.61,22.06,OK
STEADY,4,208,150,2.61,22.07,OK
STEADY,3,209,145,2.61,22.07,OK
STEADY,1,209,135,2.61,22.08,OK
STEADY,4,209,136,2.61,22.09,OK
STEADY,2,209,152,2.61,22.10,OK
STEADY,3,210,146,2.61,22.11,OK
STEADY,2,210,148,2.61,22.11,OK
STEADY,1,210,149,2.61,22.12,OK
STEADY,4,210,146,2.61,22.13,OK
STEADY,1,211,135,2.61,22.14,OK
STEADY,3,211,152,2.61,22.15,OK
STEADY,4,211,139,2.61,22.15,OK
STEADY,2,211,145,2.61,22.16,OK
STEADY,3,212,140,2.61,22.17,OK
STEADY,1,212,134,2.61,22.18,OK
STEADY,4,212,139,2.61,22.19,OK
STEADY,4,213,137,2.61,22.19,OK
STEADY,3,213,155,2.61,22.20,OK
STEADY,1,213,147,2.61,22.21,OK
STEADY,3,214,141,2.61,22.22,OK
STEADY,1,214,132,2.61,22.23,OK
STEADY,4,214,143,2.61,22.23,OK
STEADY,2,212,242,2.61,22.24,OK
STEADY,2,213,204,2.61,22.25,OK
STEADY,2,214,164,2.61,22.26,OK
STEADY,3,215,144,2.61,22.26,OK
STEADY,4,215,132,2.61,22.27,OK
STEADY,1,215,140,2.61,22.28,OK
STEADY,2,215,166,2.61,22.29,OK
STEADY,3,216,140,2.61,22.30,OK
STEADY,1,216,137,2.61,22.30,OK
STEADY,4,216,142,2.61,21.51,OK
STEADY,2,216,149,2.61,21.52,OK
STEADY,3,217,137,2.61,21.53,OK
STEADY,1,217,140,2.61,21.53,OK
STEADY,4,217,137,2.61,21.54,OK
STEADY,2,217,159,2.61,21.55,OK
STEADY,3,218,140,2.61,21.56,OK
STEADY,1,218,143,2.61,21.56,OK
STEADY,4,218,147,2.61,21.58,OK
STEADY,2,218,150,2.61,21.57,OK
STEADY,3,219,143,2.61,21.59,OK
STEADY,1,219,141,2.61,21.60,OK
STEADY,4,219,146,2.61,21.60,OK
STEADY,2,219,151,2.61,21.61,OK
STEADY,3,220,137,2.61,21.62,OK
STEADY,1,220,140,2.61,21.63,OK
STEADY,4,220,146,2.61,21.64,OK
STEADY,2,220,153,2.61,21.64,OK
STEADY,3,221,143,2.61,21.65,OK
STEADY,2,221,144,2.61,21.66,OK
STEADY,4,221,145,2.61,21.67,OK
STEADY,3,222,152,2.61,21.68,OK
STEADY,4,222,141,2.61,21.68,OK
STEADY,2,222,147,2.61,21.69,OK
STEADY,3,223,152,2.61,21.70,OK
STEADY,1,221,224,2.61,21.71,OK
STEADY,1,222,183,2.61,21.72,OK
STEADY,4,223,142,2.61,21.72,OK
STEADY,2,223,150,2.61,21.73,OK
STEADY,3,224,152,2.61,21.74,OK
STEADY,2,224,147,2.61,21.75,OK
STEADY,4,224,150,2.61,21.76,OK
STEADY,1,223,203,2.61,21.77,OK
STEADY,1,224,162,2.61,21.77,OK
STEADY,3,225,140,2.61,21.78,OK
STEADY,1,225,143,2.61,21.79,OK
STEADY,4,225,144,2.61,21.80,OK
STEADY,2,225,157,2.61,21.80,OK
STEADY,3,226,145,2.61,21.81,OK
STEADY,1,226,142,2.61,21.82,OK
STEADY,4,226,141,2.61,21.83,OK
STEADY,2,226,151,2.61,21.84,OK
STEADY,3,227,140,2.61,21.84,OK
STEADY,1,227,144,2.61,21.85,OK
STEADY,2,227,151,2.61,21.86,OK
STEADY,4,227,148,2.61,21.87,OK
STEADY,3,228,138,2.61,21.88,OK
STEADY,1,228,140,2.61,21.88,OK
STEADY,4,228,149,2.61,21.89,OK
STEADY,2,228,153,2.61,21.90,OK
STEADY,3,229,137,2.61,21.91,OK
STEADY,2,229,138,2.61,21.92,OK
STEADY,4,229,139,2.61,21.92,OK
STEADY,1,229,149,2.61,21.93,OK
STEADY,3,230,144,2.61,21.94,OK
STEADY,4,230,131,2.61,21.95,OK
STEADY,1,230,142,2.61,21.96,OK
STEADY,2,230,152,2.61,21.96,OK
STEADY,3,231,146,2.48,21.97,OK
STEADY,1,231,137,2.48,21.98,OK
STEADY,4,231,138,2.48,21.99,OK
STEADY,2,231,146,2.48,22.00,OK
STEADY,3,232,148,2.48,22.00,OK
STEADY,4,232,134,2.48,22.01,OK
STEADY,1,232,154,2.48,22.02,OK
STEADY,2,232,154,2.48,22.03,OK
STEADY,3,233,146,2.48,22.04,OK
STEADY,1,233,138,2.48,22.04,OK
STEADY,2,233,139,2.48,22.05,OK
STEADY,4,233,150,2.48,22.06,OK
STEADY,3,234,139,2.48,22.07,OK
STEADY,2,234,140,2.48,22.08,OK
STEADY,1,234,141,2.48,22.08,OK
STEADY,4,234,147,2.48,22.09,OK
STEADY,3,235,143,2.48,22.10,OK
STEADY,1,235,138,2.48,22.11,OK
STEADY,2,235,140,2.48,22.12,OK
STEADY,4,235,143,2.48,22.12,OK
STEADY,3,236,146,2.48,22.13,OK
STEADY,2,236,135,2.48,22.14,OK
STEADY,1,236,139,2.48,22.15,OK
STEADY,4,236,145,2.48,22.16,OK
STEADY,3,237,150,2.48,22.16,OK
STEADY,1,237,147,2.48,22.18,OK
STEADY,4,237,144,2.48,22.17,OK
STEADY,2,237,154,2.48,22.19,OK
STEADY,3,238,137,2.48,22.20,OK
STEADY,1,238,139,2.48,22.21,OK
STEADY,2,238,139,2.48,22.20,OK
STEADY,4,238,142,2.48,22.22,OK
STEADY,3,239,145,2.48,22.23,OK
STEADY,4,239,141,2.48,22.24,OK
STEADY,1,239,143,2.48,22.24,OK
STEADY,2,239,151,2.48,22.25,OK
STEADY,3,240,136,2.48,22.26,OK
STEADY,1,240,142,2.48,22.27,OK
STEADY,4,240,144,2.48,22.28,OK
STEADY,2,240,151,2.48,22.28,OK
STEADY,3,241,145,2.48,22.29,OK
STEADY,1,241,139,2.48,22.30,OK
STEADY,4,241,140,2.48,21.51,OK
STEADY,2,241,156,2.48,21.52,OK
STEADY,3,242,137,2.48,21.53,OK
STEADY,4,242,140,2.48,21.53,OK
STEADY,1,242,144,2.48,21.54,OK
STEADY,2,242,149,2.48,21.55,OK
STEADY,3,243,134,2.48,21.56,OK
STEADY,1,243,137,2.48,21.56,OK
STEADY,2,243,144,2.48,21.57,OK
STEADY,4,243,151,2.48,21.58,OK
STEADY,3,244,140,2.48,21.59,OK
STEADY,4,244,132,2.48,21.60,OK
STEADY,1,244,146,2.48,21.60,OK
STEADY,2,244,153,2.48,21.61,OK
STEADY,3,245,138,2.48,21.62,OK
STEADY,1,245,142,2.48,21.64,OK
STEADY,4,245,141,2.48,21.63,OK
STEADY,2,245,148,2.48,21.64,OK
STEADY,3,246,149,2.48,21.65,OK
STEADY,1,246,144,2.48,21.66,OK
STEADY,4,246,144,2.48,21.67,OK
STEADY,2,246,147,2.48,21.68,OK
STEADY,3,247,142,2.48,21.68,OK
STEADY,1,247,138,2.48,21.69,OK
STEADY,4,247,143,2.48,21.70,OK
STEADY,2,247,146,2.48,21.71,OK
STEADY,3,248,147,2.48,21.72,OK
STEADY,4,248,142,2.48,21.72,OK
STEADY,1,248,146,2.48,21.73,OK
STEADY,2,248,148,2.48,21.74,OK
STEADY,3,249,147,2.48,21.75,OK
STEADY,4,249,136,2.48,21.76,OK
STEADY,1,249,144,2.48,21.76,OK
STEADY,2,249,157,2.48,21.77,OK
STEADY,3,250,141,2.48,21.78,OK
STEADY,1,250,142,2.48,21.79,OK
STEADY,4,250,144,2.48,21.80,OK
STEADY,2,250,146,2.48,21.80,OK
STEADY,3,251,144,2.48,21.81,OK
STEADY,4,251,144,2.48,21.82,OK
STEADY,1,251,146,2.48,21.83,OK
STEADY,2,251,157,2.48,21.84,OK
STEADY,3,252,145,2.48,21.84,OK
STEADY,2,252,142,2.48,21.85,OK
STEADY,4,252,150,2.48,21.86,OK
STEADY,1,252,156,2.48,21.88,OK
STEADY,3,253,134,2.48,21.87,OK
STEADY,1,253,140,2.48,21.88,OK
STEADY,2,253,149,2.48,21.89,OK
STEADY,4,253,152,2.48,21.90,OK
STEADY,3,254,139,2.48,21.91,OK
STEADY,1,254,140,2.48,21.92,OK
STEADY,4,254,148,2.48,21.92,OK
STEADY,2,254,154,2.48,21.93,OK
STEADY,3,255,142,2.48,21.94,OK
STEADY,1,255,144,2.48,21.96,OK
STEADY,4,255,144,2.48,21.95,OK
STEADY,2,255,149,2.48,21.96,OK
STEADY,3,256,137,2.48,21.97,OK
STEADY,4,256,138,2.48,21.98,OK
STEADY,1,256,139,2.48,21.99,OK
STEADY,2,256,145,2.48,22.00,OK
STEADY,3,257,141,2.48,22.00,OK
STEADY,1,257,143,2.48,22.02,OK
STEADY,2,257,144,2.48,22.01,OK
STEADY,4,257,145,2.48,22.03,OK
STEADY,3,258,144,2.48,22.04,OK
STEADY,1,258,141,2.48,22.04,OK
STEADY,4,258,144,2.48,22.05,OK
STEADY,2,258,153,2.48,22.06,OK
STEADY,3,259,136,2.48,22.07,OK
STEADY,3,260,143,2.48,22.08,OK
STEADY,3,261,138,2.48,22.08,OK
STEADY,4,259,245,2.48,22.11,OK
STEADY,4,260,205,2.48,22.11,OK
STEADY,4,261,165,2.48,22.11,OK
STEADY,3,262,140,2.48,22.09,OK
STEADY,2,259,246,2.48,22.13,OK
STEADY,2,260,206,2.48,22.13,OK
STEADY,2,261,167,2.48,22.13,OK
STEADY,1,259,255,2.48,22.15,OK
STEADY,1,260,215,2.48,22.15,OK
STEADY,1,261,175,2.48,22.16,OK
STEADY,1,262,148,2.48,22.17,OK
STEADY,2,262,153,2.48,22.17,OK
STEADY,4,262,164,2.48,22.18,OK
STEADY,3,263,151,2.48,22.19,OK
STEADY,2,263,148,2.48,22.20,OK
STEADY,4,263,150,2.48,22.21,OK
STEADY,1,263,151,2.48,22.21,OK
STEADY,3,264,144,2.48,22.22,OK
STEADY,1,264,146,2.48,22.23,OK
STEADY,4,264,161,2.48,22.24,OK
STEADY,2,264,164,2.48,22.25,OK
STEADY,3,265,150,2.48,22.25,OK
STEADY,1,265,142,2.48,22.26,OK
STEADY,4,265,143,2.48,22.27,OK
STEADY,2,265,146,2.48,22.28,OK
STEADY,3,266,142,2.48,22.29,OK
STEADY,1,266,137,2.48,22.29,OK
STEADY,4,266,142,2.48,22.30,OK
STEADY,2,266,149,2.48,21.51,OK
STEADY,3,267,140,2.48,21.52,OK
STEADY,4,267,138,2.48,21.53,OK
STEADY,1,267,148,2.48,21.53,OK
STEADY,2,267,152,2.48,21.54,OK
STEADY,3,268,142,2.48,21.55,OK
STEADY,1,268,145,2.48,21.56,OK
STEADY,4,268,148,2.48,21.56,OK
STEADY,2,268,151,2.48,21.57,OK
STEADY,3,269,138,2.48,21.58,OK
STEADY,4,269,145,2.48,21.59,OK
STEADY,1,269,148,2.48,21.60,OK
STEADY,2,269,152,2.48,21.60,OK
STEADY,3,270,139,2.48,21.61,OK
STEADY,1,270,141,2.48,21.62,OK
STEADY,4,270,141,2.48,21.63,OK
STEADY,2,270,153,2.48,21.64,OK
STEADY,3,271,146,2.48,21.64,OK
STEADY,4,271,134,2.48,21.65,OK
STEADY,1,271,139,2.48,21.66,OK
STEADY,3,272,147,2.48,21.67,OK
STEADY,1,272,148,2.48,21.68,OK
STEADY,4,272,148,2.48,21.68,OK
STEADY,3,273,143,2.48,21.69,OK
STEADY,1,273,131,2.48,21.70,OK
STEADY,4,273,150,2.48,21.71,OK
STEADY,2,271,247,2.48,21.72,OK
STEADY,2,272,207,2.48,21.73,OK
STEADY,2,273,166,2.48,21.73,OK
STEADY,1,274,137,2.48,21.74,OK
STEADY,3,274,158,2.48,21.75,OK
STEADY,4,274,149,2.48,21.75,OK
STEADY,3,275,139,2.48,21.76,OK
STEADY,2,274,176,2.48,21.77,OK
STEADY,4,275,146,2.48,21.78,OK
STEADY,1,275,149,2.48,21.79,OK
STEADY,2,275,154,2.48,21.79,OK
STEADY,1,276,138,2.48,21.80,OK
STEADY,4,276,150,2.48,21.82,OK
STEADY,2,276,178,2.48,21.83,OK
STEADY,4,277,138,2.48,21.84,OK
STEADY,1,277,148,2.48,21.84,OK
STEADY,2,277,151,2.48,21.85,OK
STEADY,1,278,139,2.48,21.86,OK
STEADY,4,278,143,2.48,21.87,OK
STEADY,3,276,244,2.48,21.88,OK
STEADY,3,277,205,2.48,21.89,OK
STEADY,3,278,165,2.48,21.89,OK
STEADY,2,278,153,2.48,21.90,OK
STEADY,1,279,132,2.48,21.91,OK
STEADY,4,279,138,2.48,21.91,OK
STEADY,3,279,162,2.48,21.92,OK
STEADY,2,279,146,2.48,21.93,OK
STEADY,3,280,137,2.48,21.94,OK
STEADY,1,280,144,2.48,21.95,OK
STEADY,2,280,141,2.48,21.95,OK
STEADY,4,280,145,2.48,21.96,OK
STEADY,3,281,144,2.48,21.97,OK
STEADY,1,281,143,2.48,21.98,OK
STEADY,4,281,147,2.48,21.99,OK
STEADY,2,281,150,2.48,21.99,OK
STEADY,3,282,140,2.48,22.00,OK
STEADY,1,282,141,2.48,22.01,OK
STEADY,2,282,149,2.48,22.02,OK
STEADY,4,282,155,2.48,22.03,OK
STEADY,3,283,145,2.48,22.03,OK
STEADY,4,283,133,2.48,22.04,OK
STEADY,1,283,143,2.48,22.05,OK
STEADY,2,283,144,2.48,22.06,OK
STEADY,3,284,150,2.48,22.07,OK
STEADY,4,284,135,2.48,22.07,OK
STEADY,1,284,139,2.48,22.08,OK
STEADY,2,284,143,2.48,22.09,OK
STEADY,3,285,143,2.48,22.10,OK
STEADY,1,285,139,2.48,22.11,OK
STEADY,2,285,138,2.48,22.11,OK
STEADY,4,285,139,2.48,22.12,OK
STEADY,3,286,147,2.48,22.13,OK
STEADY,1,286,142,2.48,22.14,OK
STEADY,4,286,148,2.48,22.15,OK
STEADY,2,286,153,2.48,22.15,OK
STEADY,3,287,154,2.48,22.16,OK
STEADY,1,287,148,2.48,22.17,OK
STEADY,2,287,146,2.48,22.18,OK
STEADY,4,287,152,2.48,22.19,OK
STEADY,1,288,138,2.48,22.19,OK
STEADY,2,288,144,2.48,22.20,OK
STEADY,4,288,149,2.48,22.21,OK
STEADY,1,289,147,2.48,22.22,OK
STEADY,4,289,143,2.48,22.23,OK
STEADY,2,289,155,2.48,22.23,OK
STEADY,1,290,140,2.48,22.24,OK
STEADY,4,290,144,2.48,22.25,OK
STEADY,3,288,244,2.48,22.26,OK
STEADY,3,289,204,2.48,22.27,OK
STEADY,3,290,164,2.48,22.27,OK
STEADY,2,290,146,2.48,22.28,OK
STEADY,3,291,159,2.48,22.29,OK
STEADY,1,291,145,2.48,22.30,OK
STEADY,2,291,145,2.48,22.30,OK
STEADY,4,291,148,2.48,21.51,OK
STEADY,3,292,154,2.48,21.52,OK
STEADY,4,292,141,2.48,21.53,OK
STEADY,1,292,149,2.48,21.53,OK
STEADY,2,292,152,2.48,21.54,OK
STEADY,4,293,141,2.48,21.55,OK
STEADY,1,293,148,2.48,21.56,OK
STEADY,3,293,164,2.48,21.56,OK
STEADY,2,293,148,2.48,21.57,OK
STEADY,1,294,139,2.48,21.58,OK
STEADY,3,294,156,2.48,21.59,OK
STEADY,4,294,140,2.48,21.60,OK
STEADY,2,294,154,2.48,21.60,OK
STEADY,3,295,142,2.48,21.61,OK
STEADY,1,295,143,2.48,21.62,OK
STEADY,4,295,144,2.48,21.63,OK
STEADY,2,295,148,2.48,21.64,OK
STEADY,3,296,146,2.48,21.64,OK
STEADY,1,296,140,2.48,21.65,OK
STEADY,4,296,145,2.48,21.66,OK
STEADY,2,296,145,2.48,21.67,OK
STEADY,3,297,144,2.48,21.68,OK
STEADY,1,297,137,2.48,21.68,OK
STEADY,4,297,146,2.48,21.69,OK
STEADY,2,297,150,2.48,21.70,OK
STEADY,3,298,148,2.48,21.71,OK
STEADY,4,298,134,2.48,21.72,OK
STEADY,1,298,146,2.48,21.73,OK
STEADY,2,298,141,2.48,21.72,OK
STEADY,3,299,148,2.48,21.74,OK
STEADY,1,299,137,2.48,21.75,OK
STEADY,4,299,139,2.48,21.76,OK
STEADY,2,299,146,2.48,21.76,OK
STEADY,3,300,148,2.48,21.77,OK
STEADY,1,300,135,2.48,21.78,OK
STEADY,4,300,139,2.48,21.79,OK
STEADY,2,300,144,2.48,21.80,OK
STEADY,4,301,124,2.48,21.81,OK
STEADY,3,301,148,2.48,21.81,OK
STEADY,1,301,138,2.48,21.82,OK
STEADY,2,301,149,2.48,21.83,OK
STEADY,3,302,144,2.48,21.84,OK
STEADY,1,302,143,2.48,21.85,OK
STEADY,4,302,143,2.48,21.85,OK
STEADY,2,302,149,2.48,21.86,OK
STEADY,2,303,137,2.48,21.87,OK
STEADY,4,303,136,2.48,21.88,OK
STEADY,1,303,143,2.48,21.89,OK
STEADY,1,304,138,2.48,21.89,OK
STEADY,2,304,149,2.48,21.90,OK
STEADY,4,304,149,2.48,21.91,OK
STEADY,1,305,137,2.48,21.92,OK
STEADY,3,303,239,2.48,21.93,OK
STEADY,3,304,198,2.48,21.94,OK
STEADY,3,305,158,2.48,21.95,OK
STEADY,4,305,139,2.48,21.93,OK
STEADY,2,305,154,2.48,21.96,OK
STEADY,4,306,135,2.48,21.96,OK
STEADY,1,306,150,2.48,21.98,OK
STEADY,3,306,165,2.48,21.97,OK
STEADY,2,306,155,2.48,21.99,OK
STEADY,3,307,138,2.48,22.00,OK
STEADY,4,307,138,2.48,22.00,OK
STEADY,2,307,141,2.48,22.01,OK
STEADY,1,307,153,2.48,22.02,OK
STEADY,1,308,139,2.48,22.03,OK
STEADY,3,308,157,2.48,22.04,OK
STEADY,4,308,143,2.48,22.04,OK
STEADY,2,308,146,2.48,22.05,OK
STEADY,3,309,145,2.48,22.06,OK
STEADY,1,309,140,2.48,22.07,OK
STEADY,4,309,138,2.48,22.08,OK
STEADY,2,309,149,2.48,22.08,OK
STEADY,3,310,146,2.48,22.09,OK
STEADY,1,310,133,2.48,22.10,OK
STEADY,4,310,150,2.48,22.12,OK
STEADY,2,310,150,2.48,22.11,OK
STEADY,3,311,142,2.48,22.12,OK
STEADY,4,311,139,2.48,22.13,OK
STEADY,1,311,145,2.48,22.14,OK
STEADY,2,311,145,2.48,22.15,OK
STEADY,3,312,141,2.48,22.16,OK
STEADY,1,312,144,2.48,22.16,OK
STEADY,4,312,141,2.48,22.17,OK
STEADY,2,312,146,2.48,22.18,OK
STEADY,3,313,147,2.48,22.19,OK
STEADY,1,313,141,2.48,22.20,OK
STEADY,2,313,141,2.48,22.20,OK
STEADY,4,313,148,2.48,22.21,OK
STEADY,3,314,131,2.48,22.22,OK
STEADY,4,314,139,2.48,22.23,OK
STEADY,2,314,144,2.48,22.24,OK
STEADY,1,314,150,2.48,22.24,OK
STEADY,3,315,144,2.48,22.25,OK
STEADY,1,315,140,2.48,22.26,OK
STEADY,4,315,151,2.48,22.27,OK
STEADY,3,316,147,2.48,22.28,OK
STEADY,1,316,147,2.48,22.28,OK
STEADY,4,316,142,2.48,22.29,OK
STEADY,3,317,139,2.48,22.30,OK
STEADY,1,317,147,2.48,21.54,OK
STEADY,4,317,152,2.48,21.55,OK
STEADY,3,318,133,2.48,21.55,OK
STEADY,2,315,245,2.48,21.56,OK
STEADY,2,316,204,2.48,21.57,OK
STEADY,2,317,164,2.48,21.58,OK
STEADY,1,318,141,2.48,21.59,OK
STEADY,4,318,150,2.48,21.59,OK
STEADY,3,319,146,2.48,21.60,OK
STEADY,1,319,136,2.48,21.61,OK
STEADY,2,318,178,2.48,21.62,OK
STEADY,4,319,140,2.48,21.63,OK
STEADY,2,319,154,2.48,21.63,OK
STEADY,3,320,144,2.48,21.64,OK
STEADY,1,320,137,2.48,21.65,OK
STEADY,4,320,140,2.48,21.66,OK
STEADY,3,321,145,2.48,21.67,OK
STEADY,2,320,169,2.48,21.67,OK
STEADY,1,321,146,2.48,21.68,OK
STEADY,4,321,141,2.48,21.69,OK
STEADY,2,321,149,2.48,21.70,OK
STEADY,3,322,144,2.48,21.71,OK
STEADY,4,322,136,2.48,21.71,OK
STEADY,1,322,145,2.48,21.72,OK
STEADY,2,322,145,2.48,21.73,OK
STEADY,3,323,149,2.48,21.74,OK
STEADY,1,323,143,2.48,21.75,OK
STEADY,2,323,145,2.48,21.75,OK
STEADY,4,323,153,2.48,21.76,OK
STEADY,3,324,137,2.48,21.77,OK
STEADY,1,324,137,2.48,21.78,OK
STEADY,4,324,143,2.48,21.79,OK
STEADY,2,324,149,2.48,21.79,OK
STEADY,3,325,132,2.48,21.80,OK
STEADY,4,325,137,2.48,21.81,OK
STEADY,1,325,150,2.48,21.82,OK
STEADY,2,325,151,2.48,21.83,OK
STEADY,3,326,138,2.48,21.83,OK
STEADY,4,326,138,2.48,21.84,OK
STEADY,1,326,152,2.48,21.85,OK
STEADY,2,326,157,2.48,21.86,OK
STEADY,3,327,148,2.48,21.87,OK
STEADY,4,327,132,2.48,21.87,OK
STEADY,1,327,144,2.48,21.88,OK
STEADY,2,327,146,2.48,21.89,OK
STEADY,3,328,144,2.48,21.90,OK
STEADY,1,328,140,2.48,21.91,OK
STEADY,4,328,146,2.48,21.92,OK
STEADY,2,328,147,2.48,21.91,OK
STEADY,3,329,138,2.48,21.93,OK
STEADY,1,329,141,2.48,21.94,OK
STEADY,2,329,144,2.48,21.95,OK
STEADY,4,329,149,2.48,21.95,OK
STEADY,3,330,142,2.48,21.96,OK
STEADY,1,330,141,2.48,21.97,OK
STEADY,4,330,140,2.48,21.98,OK
STEADY,2,330,153,2.48,21.99,OK
STEADY,3,331,152,2.48,21.99,OK
STEADY,1,331,143,2.48,22.00,OK
STEADY,2,331,147,2.48,22.01,OK
STEADY,4,331,149,2.48,22.02,OK
STEADY,3,332,141,2.48,22.03,OK
STEADY,1,332,127,2.48,22.03,OK
STEADY,4,332,145,2.48,22.04,OK
STEADY,2,332,150,2.48,22.05,OK
STEADY,3,333,135,2.48,22.06,OK
STEADY,1,333,140,2.48,22.07,OK
STEADY,2,333,148,2.48,22.07,OK
STEADY,4,333,153,2.48,22.08,OK
STEADY,3,334,142,2.48,22.09,OK
STEADY,1,334,146,2.48,22.10,OK
STEADY,4,334,140,2.48,22.11,OK
STEADY,2,334,142,2.48,22.11,OK
STEADY,3,335,140,2.48,22.12,OK
STEADY,1,335,137,2.48,22.13,OK
STEADY,4,335,141,2.48,22.14,OK
STEADY,2,335,157,2.48,22.15,OK
STEADY,3,336,143,2.48,22.15,OK
STEADY,1,336,133,2.48,22.16,OK
STEADY,4,336,142,2.48,22.17,OK
STEADY,2,336,146,2.48,22.18,OK
STEADY,3,337,138,2.48,22.19,OK
STEADY,4,337,134,2.48,22.19,OK
STEADY,1,337,144,2.48,22.20,OK
STEADY,2,337,142,2.48,22.21,OK
STEADY,3,338,143,2.48,22.22,OK
STEADY,1,338,140,2.48,22.23,OK
STEADY,4,338,138,2.48,22.23,OK
STEADY,2,338,151,2.48,22.24,OK
STEADY,3,339,145,2.48,22.25,OK
STEADY,1,339,140,2.48,22.26,OK
STEADY,2,339,135,2.48,22.27,OK
STEADY,4,339,148,2.48,22.27,OK
STEADY,3,340,144,2.48,22.28,OK
STEADY,2,340,141,2.48,22.29,OK
STEADY,1,340,146,2.48,22.30,OK
STEADY,4,340,145,2.48,22.31,OK
STEADY,3,341,131,2.48,21.51,OK
STEADY,1,341,139,2.48,21.52,OK
STEADY,4,341,144,2.48,21.53,OK
STEADY,2,341,149,2.48,21.53,OK
STEADY,3,342,152,2.48,21.54,OK
STEADY,1,342,145,2.48,21.55,OK
STEADY,4,342,141,2.48,21.56,OK
STEADY,2,342,152,2.48,21.57,OK
STEADY,3,343,151,2.48,21.57,OK
STEADY,2,343,135,2.48,21.58,OK
STEADY,1,343,145,2.48,21.59,OK
STEADY,4,343,157,2.48,21.60,OK
STEADY,3,344,139,2.48,21.61,OK
STEADY,1,344,140,2.48,21.61,OK
STEADY,4,344,144,2.48,21.62,OK
STEADY,2,344,157,2.48,21.63,OK
STEADY,3,345,137,2.48,21.64,OK
STEADY,1,345,142,2.48,21.65,OK
STEADY,4,345,145,2.48,21.65,OK
STEADY,2,345,149,2.48,21.66,OK
STEADY,3,346,148,2.48,21.67,OK
STEADY,1,346,137,2.48,21.68,OK
STEADY,2,346,142,2.48,21.68,OK
STEADY,4,346,145,2.48,21.69,OK
STEADY,3,347,136,2.48,21.70,OK
STEADY,1,347,143,2.48,21.71,OK
STEADY,4,347,144,2.48,21.72,OK
STEADY,2,347,156,2.48,21.72,OK
STEADY,3,348,145,2.48,21.73,OK
STEADY,1,348,146,2.48,21.74,OK
STEADY,4,348,145,2.48,21.75,OK
STEADY,2,348,149,2.48,21.76,OK
STEADY,3,349,150,2.48,21.76,OK
STEADY,1,349,139,2.48,21.77,OK
STEADY,2,349,144,2.48,21.78,OK
STEADY,4,349,142,2.48,21.79,OK
STEADY,1,350,139,2.48,21.80,OK
STEADY,4,350,143,2.48,21.80,OK
STEADY,2,350,150,2.48,21.81,OK
STEADY,1,351,144,2.48,21.82,OK
STEADY,4,351,144,2.48,21.83,OK
STEADY,2,351,151,2.48,21.84,OK
STEADY,3,350,228,2.48,21.85,OK
STEADY,3,351,188,2.48,21.85,OK
STEADY,2,352,144,2.48,21.86,OK
STEADY,4,352,149,2.48,21.87,OK
STEADY,1,352,154,2.48,21.88,OK
STEADY,4,353,140,2.48,21.88,OK
STEADY,2,353,143,2.48,21.89,OK
STEADY,3,352,205,2.48,21.90,OK
STEADY,3,353,166,2.48,21.91,OK
STEADY,1,353,150,2.48,21.92,OK
STEADY,3,354,136,2.48,21.92,OK
STEADY,1,354,140,2.48,21.93,OK
STEADY,2,354,145,2.48,21.94,OK
STEADY,4,354,156,2.48,21.95,OK
STEADY,3,355,145,2.48,21.96,OK
STEADY,2,355,149,2.44,21.96,OK
STEADY,1,355,152,2.44,21.97,OK
STEADY,4,355,149,2.44,21.98,OK
STEADY,3,356,147,2.44,21.99,OK
STEADY,1,356,146,2.44,22.00,OK
STEADY,4,356,150,2.44,22.00,OK
STEADY,3,357,137,2.44,22.01,OK
STEADY,2,356,159,2.44,22.02,OK
STEADY,2,357,143,2.44,22.03,OK
STEADY,1,357,147,2.44,22.04,OK
STEADY,4,357,146,2.44,22.04,OK
STEADY,3,358,150,2.44,22.05,OK
STEADY,1,358,142,2.44,22.07,OK
STEADY,2,358,140,2.44,22.06,OK
STEADY,4,358,142,2.44,22.08,OK
STEADY,3,359,150,2.44,22.08,OK
STEADY,4,359,138,2.44,22.09,OK
STEADY,1,359,145,2.44,22.10,OK
STEADY,2,359,145,2.44,22.11,OK
STEADY,3,360,139,2.44,22.12,OK
STEADY,1,360,142,2.44,22.12,OK
STEADY,2,360,141,2.44,22.13,OK
STEADY,4,360,143,2.44,22.14,OK
STEADY,3,361,140,2.44,22.15,OK
STEADY,2,361,146,2.44,22.16,OK
STEADY,1,361,151,2.44,22.16,OK
STEADY,3,362,137,2.44,22.17,OK
STEADY,4,361,156,2.44,22.18,OK
STEADY,4,362,133,2.44,22.19,OK
STEADY,1,362,142,2.44,22.20,OK
STEADY,2,362,150,2.44,22.20,OK
STEADY,3,363,141,2.44,22.21,OK
STEADY,1,363,139,2.44,22.22,OK
STEADY,4,363,139,2.44,22.23,OK
STEADY,2,363,153,2.44,22.24,OK
STEADY,3,364,145,2.44,22.24,OK
STEADY,2,364,139,2.44,22.25,OK
STEADY,1,364,147,2.44,22.26,OK
STEADY,4,364,146,2.44,22.27,OK
STEADY,3,365,138,2.44,22.28,OK
STEADY,1,365,131,2.44,22.28,OK
STEADY,2,365,138,2.44,22.29,OK
STEADY,3,366,136,2.44,22.30,OK
STEADY,4,365,155,2.44,22.31,OK
STEADY,1,366,159,2.44,21.51,OK
STEADY,2,366,155,2.44,21.52,OK
STEADY,4,366,154,2.44,21.53,OK
STEADY,3,367,142,2.44,21.53,OK
STEADY,1,367,141,2.44,21.54,OK
STEADY,2,367,139,2.44,21.55,OK
STEADY,4,367,143,2.44,21.56,OK
STEADY,3,368,146,2.44,21.57,OK
STEADY,1,368,137,2.44,21.57,OK
STEADY,4,368,144,2.44,21.58,OK
STEADY,2,368,151,2.44,21.59,OK
STEADY,3,369,141,2.44,21.60,OK
STEADY,1,369,144,2.44,21.61,OK
STEADY,3,370,140,2.44,21.61,OK
STEADY,2,369,162,2.44,21.63,OK
STEADY,4,369,161,2.44,21.62,OK
STEADY,1,370,142,2.44,21.64,OK
STEADY,2,370,140,2.44,21.65,OK
STEADY,4,370,137,2.44,21.65,OK
STEADY,3,371,148,2.44,21.66,OK
STEADY,1,371,141,2.44,21.67,OK
STEADY,2,371,154,2.44,21.68,OK
STEADY,4,371,157,2.44,21.69,OK
STEADY,3,372,151,2.44,21.69,OK
STEADY,1,372,144,2.44,21.70,OK
STEADY,2,372,152,2.44,21.71,OK
STEADY,4,372,149,2.44,21.72,OK
STEADY,3,373,140,2.44,21.73,OK
STEADY,1,373,147,2.44,21.73,OK
STEADY,2,373,145,2.44,21.74,OK
STEADY,4,373,145,2.44,21.75,OK
STEADY,3,374,142,2.44,21.76,OK
STEADY,1,374,137,2.44,21.77,OK
STEADY,2,374,145,2.44,21.77,OK
STEADY,4,374,149,2.44,21.78,OK
STEADY,3,375,145,2.44,21.79,OK
STEADY,4,375,141,2.44,21.80,OK
STEADY,2,375,145,2.44,21.81,OK
STEADY,1,375,154,2.44,21.81,OK
STEADY,3,376,134,2.44,21.82,OK
STEADY,1,376,139,2.44,21.83,OK
STEADY,2,376,141,2.44,21.84,OK
STEADY,4,376,148,2.44,21.84,OK
STEADY,3,377,144,2.44,21.85,OK
STEADY,1,377,137,2.44,21.86,OK
STEADY,4,377,146,2.44,21.87,OK
STEADY,2,377,152,2.44,21.88,OK
STEADY,3,378,144,2.44,21.88,OK
STEADY,1,378,141,2.44,21.89,OK
STEADY,2,378,145,2.44,21.90,OK
STEADY,4,378,143,2.44,21.91,OK
STEADY,3,379,148,2.44,21.92,OK
STEADY,1,379,145,2.44,21.93,OK
STEADY,2,379,142,2.44,21.92,OK
STEADY,4,379,139,2.44,21.94,OK
STEADY,3,380,145,2.44,21.95,OK
STEADY,1,380,137,2.44,21.96,OK
STEADY,2,380,147,2.44,21.96,OK
STEADY,4,380,145,2.44,21.97,OK
STEADY,3,381,146,2.44,21.98,OK
STEADY,4,381,137,2.44,22.00,OK
STEADY,2,381,143,2.44,21.99,OK
STEADY,1,381,149,2.44,22.00,OK
STEADY,3,382,137,2.44,22.01,OK
STEADY,1,382,142,2.44,22.02,OK
STEADY,2,382,143,2.44,22.03,OK
STEADY,4,382,142,2.44,22.04,OK
STEADY,3,383,131,2.44,22.04,OK
STEADY,1,383,142,2.44,22.05,OK
STEADY,2,383,140,2.44,22.06,OK
STEADY,4,383,152,2.44,22.07,OK
STEADY,3,384,140,2.44,22.08,OK
STEADY,1,384,143,2.44,22.08,OK
STEADY,2,384,141,2.44,22.09,OK
STEADY,4,384,141,2.44,22.10,OK
STEADY,3,385,146,2.44,22.11,OK
STEADY,1,385,147,2.44,22.12,OK
STEADY,2,385,145,2.44,22.12,OK
STEADY,3,386,135,2.44,22.13,OK
STEADY,4,385,151,2.44,22.14,OK
STEADY,4,386,135,2.44,22.16,OK
STEADY,2,386,142,2.44,22.15,OK
STEADY,1,386,150,2.44,22.16,OK
STEADY,3,387,140,2.44,22.17,OK
STEADY,1,387,143,2.44,22.18,OK
STEADY,4,387,135,2.44,22.19,OK
STEADY,2,387,150,2.44,22.20,OK
STEADY,3,388,141,2.44,22.20,OK
STEADY,1,388,127,2.44,22.21,OK
STEADY,2,388,147,2.44,22.22,OK
STEADY,4,388,145,2.44,22.23,OK
STEADY,3,389,135,2.44,22.24,OK
STEADY,1,389,149,2.44,22.25,OK
STEADY,2,389,147,2.44,22.24,OK
STEADY,4,389,144,2.44,22.26,OK
STEADY,3,390,143,2.44,22.27,OK
STEADY,1,390,146,2.44,22.28,OK
STEADY,4,390,144,2.44,22.28,OK
STEADY,2,390,153,2.44,22.29,OK
STEADY,3,391,146,2.44,22.30,OK
STEADY,2,391,146,2.44,21.51,OK
STEADY,4,391,145,2.44,21.52,OK
STEADY,3,392,137,2.44,21.53,OK
STEADY,2,392,150,2.44,21.53,OK
STEADY,4,392,147,2.44,21.54,OK
STEADY,1,391,355,2.44,21.58,OK
STEADY,1,392,316,2.44,21.59,OK
STEADY,1,393,276,2.44,21.60,OK
STEADY,1,394,236,2.44,21.63,OK
STEADY,1,395,196,2.44,21.64,OK
STEADY,2,393,288,2.44,21.56,OK
STEADY,2,394,248,2.44,21.61,OK
STEADY,2,395,209,2.44,21.64,OK
STEADY,2,396,170,2.44,21.67,OK
STEADY,4,393,294,2.44,21.57,OK
STEADY,4,394,255,2.44,21.60,OK
STEADY,4,395,215,2.44,21.65,OK
STEADY,4,396,174,2.44,21.68,OK
STEADY,3,393,323,2.44,21.55,OK
STEADY,3,394,283,2.44,21.57,OK
STEADY,3,395,243,2.44,21.62,OK
STEADY,3,396,202,2.44,21.66,OK
STEADY,3,397,162,2.44,21.68,OK
STEADY,2,397,158,2.44,21.70,OK
STEADY,4,397,163,2.44,21.69,OK
STEADY,2,398,149,2.44,21.72,OK
STEADY,3,398,173,2.44,21.71,OK
STEADY,1,396,242,2.44,21.74,OK
STEADY,1,397,202,2.44,21.74,OK
STEADY,1,398,162,2.44,21.74,OK
STEADY,4,398,159,2.44,21.72,OK
STEADY,1,399,145,2.44,21.75,OK
STEADY,4,399,141,2.44,21.76,OK
STEADY,3,399,166,2.44,21.77,OK
STEADY,2,399,149,2.44,21.78,OK
STEADY,3,400,142,2.44,21.79,OK
STEADY,2,400,145,2.44,21.80,OK
STEADY,1,400,149,2.44,21.81,OK
STEADY,4,400,142,2.44,21.79,OK
STEADY,3,401,149,2.44,21.82,OK
STEADY,1,401,149,2.44,21.84,OK
STEADY,2,401,147,2.44,21.83,OK
STEADY,4,401,145,2.44,21.85,OK
STEADY,3,402,149,2.44,21.86,OK
STEADY,1,402,147,2.44,21.86,OK
STEADY,2,402,145,2.44,21.87,OK
STEADY,4,402,154,2.44,21.88,OK
STEADY,3,403,143,2.44,21.89,OK
STEADY,1,403,144,2.44,21.89,OK
STEADY,2,403,147,2.44,21.90,OK
STEADY,4,403,153,2.44,21.91,OK
STEADY,3,404,150,2.44,21.92,OK
STEADY,1,404,148,2.44,21.93,OK
STEADY,4,404,142,2.44,21.94,OK
STEADY,2,404,147,2.44,21.93,OK
STEADY,3,405,151,2.44,21.95,OK
STEADY,1,405,140,2.44,21.96,OK
STEADY,4,405,149,2.44,21.97,OK
STEADY,2,405,158,2.44,21.97,OK
STEADY,3,406,150,2.44,21.98,OK
STEADY,1,406,140,2.44,21.99,OK
STEADY,4,406,144,2.44,22.00,OK
STEADY,2,406,149,2.44,22.01,OK
STEADY,3,407,151,2.44,22.01,OK
STEADY,1,407,148,2.44,22.02,OK
STEADY,2,407,150,2.44,22.03,OK
STEADY,4,407,150,2.44,22.04,OK
STEADY,3,408,147,2.44,22.05,OK
STEADY,1,408,144,2.44,22.05,OK
STEADY,2,408,144,2.44,22.06,OK
STEADY,4,408,148,2.44,22.07,OK
STEADY,3,409,144,2.44,22.08,OK
STEADY,1,409,137,2.44,22.09,OK
STEADY,2,409,136,2.44,22.09,OK
STEADY,4,409,143,2.44,22.10,OK
STEADY,3,410,150,2.44,22.11,OK
STEADY,1,410,138,2.44,22.12,OK
STEADY,4,410,141,2.44,22.13,OK
STEADY,2,410,147,2.44,22.13,OK
STEADY,3,411,141,2.44,22.14,OK
STEADY,1,411,143,2.44,22.16,OK
STEADY,2,411,143,2.44,22.15,OK
STEADY,4,411,145,2.44,22.17,OK
STEADY,3,412,148,2.44,22.17,OK
STEADY,1,412,145,2.44,22.18,OK
STEADY,2,412,150,2.44,22.19,OK
STEADY,4,412,147,2.44,22.20,OK
STEADY,3,413,142,2.44,22.21,OK
STEADY,1,413,139,2.44,22.21,OK
STEADY,2,413,143,2.44,22.22,OK
STEADY,4,413,143,2.44,22.23,OK
STEADY,3,414,138,2.44,22.24,OK
STEADY,2,414,138,2.44,22.25,OK
STEADY,1,414,148,2.44,22.25,OK
STEADY,4,414,150,2.44,22.26,OK
STEADY,3,415,142,2.44,22.27,OK
STEADY,2,415,142,2.44,22.28,OK
STEADY,1,415,146,2.44,22.29,OK
STEADY,4,415,140,2.44,22.29,OK
STEADY,3,416,149,2.44,22.30,OK
STEADY,1,416,146,2.44,21.52,OK
STEADY,4,416,139,2.44,21.51,OK
STEADY,2,416,149,2.44,21.53,OK
STEADY,3,417,137,2.44,21.53,OK
STEADY,2,417,145,2.44,21.54,OK
STEADY,1,417,148,2.44,21.56,OK
STEADY,4,417,142,2.44,21.55,OK
STEADY,3,418,144,2.44,21.57,OK
STEADY,1,418,143,2.44,21.57,OK
STEADY,2,418,145,2.44,21.58,OK
STEADY,4,418,141,2.44,21.59,OK
STEADY,3,419,150,2.44,21.60,OK
STEADY,2,419,150,2.44,21.61,OK
STEADY,1,419,150,2.44,21.61,OK
STEADY,4,419,150,2.44,21.62,OK
STEADY,3,420,147,2.44,21.63,OK
STEADY,1,420,136,2.44,21.64,OK
STEADY,4,420,143,2.44,21.65,OK
STEADY,2,420,154,2.44,21.65,OK
STEADY,3,421,145,2.44,21.66,OK
STEADY,1,421,147,2.44,21.67,OK
STEADY,2,421,150,2.44,21.68,OK
STEADY,4,421,145,2.44,21.69,OK
STEADY,3,422,149,2.44,21.69,OK
STEADY,1,422,139,2.44,21.70,OK
STEADY,4,422,139,2.44,21.71,OK
STEADY,2,422,162,2.44,21.72,OK
STEADY,3,423,145,2.44,21.73,OK
STEADY,2,423,141,2.44,21.73,OK
STEADY,1,423,147,2.44,21.74,OK
STEADY,4,423,145,2.44,21.75,OK
STEADY,3,424,147,2.44,21.76,OK
STEADY,1,424,134,2.44,21.77,OK
STEADY,2,424,151,2.44,21.77,OK
STEADY,4,424,147,2.44,21.78,OK
STEADY,3,425,146,2.44,21.79,OK
STEADY,1,425,137,2.44,21.80,OK
STEADY,4,425,138,2.44,21.81,OK
STEADY,2,425,146,2.44,21.81,OK
STEADY,1,426,140,2.44,21.82,OK
STEADY,2,426,147,2.44,21.83,OK
STEADY,4,426,148,2.44,21.84,OK
STEADY,1,427,135,2.44,21.85,OK
STEADY,4,427,143,2.44,21.85,OK
STEADY,2,427,152,2.44,21.86,OK
STEADY,1,428,140,2.44,21.88,OK
STEADY,2,428,143,2.44,21.87,OK
STEADY,4,428,141,2.44,21.89,OK
STEADY,3,426,244,2.44,21.89,OK
STEADY,3,427,206,2.44,21.90,OK
STEADY,3,428,166,2.44,21.91,OK
STEADY,1,429,147,2.44,21.93,OK
STEADY,4,429,142,2.44,21.92,OK
STEADY,2,429,149,2.44,21.92,OK
STEADY,3,429,171,2.44,21.94,OK
STEADY,3,430,150,2.44,21.95,OK
STEADY,1,430,140,2.44,21.96,OK
STEADY,2,430,148,2.44,21.96,OK
STEADY,4,430,144,2.44,21.97,OK
STEADY,1,431,140,2.44,21.98,OK
STEADY,2,431,150,2.44,21.99,OK
STEADY,4,431,149,2.44,22.00,OK
STEADY,3,431,172,2.44,22.00,OK
STEADY,3,432,135,2.44,22.01,OK
STEADY,2,432,136,2.44,22.02,OK
STEADY,1,432,142,2.44,22.03,OK
STEADY,4,432,144,2.44,22.04,OK
STEADY,3,433,151,2.44,22.04,OK
STEADY,1,433,144,2.44,22.06,OK
STEADY,2,433,142,2.44,22.05,OK
STEADY,4,433,147,2.44,22.07,OK
STEADY,3,434,138,2.44,22.08,OK
STEADY,1,434,148,2.44,22.09,OK
STEADY,2,434,150,2.44,22.08,OK
STEADY,4,434,145,2.44,22.10,OK
STEADY,3,435,150,2.44,22.11,OK
STEADY,1,435,143,2.44,22.12,OK
STEADY,4,435,143,2.44,22.12,OK
STEADY,2,435,152,2.44,22.13,OK
STEADY,3,436,140,2.44,22.14,OK
STEADY,1,436,145,2.44,22.15,OK
STEADY,2,436,151,2.44,22.16,OK
STEADY,4,436,155,2.44,22.16,OK
STEADY,3,437,147,2.44,22.17,OK
STEADY,1,437,140,2.44,22.18,OK
STEADY,2,437,158,2.44,22.19,OK
STEADY,4,437,151,2.44,22.20,OK
STEADY,3,438,145,2.44,22.20,OK
STEADY,1,438,139,2.44,22.21,OK
STEADY,4,438,147,2.44,22.23,OK
STEADY,2,438,154,2.44,22.22,OK
STEADY,1,439,145,2.44,22.24,OK
STEADY,4,439,147,2.44,22.25,OK
STEADY,2,439,154,2.44,22.24,OK
STEADY,4,440,140,2.44,22.26,OK
STEADY,1,440,150,2.44,22.28,OK
STEADY,2,440,154,2.44,22.27,OK
STEADY,3,439,233,2.44,22.28,OK
STEADY,3,440,194,2.44,22.29,OK
STEADY,2,441,147,2.44,22.30,OK
STEADY,1,441,149,2.44,21.52,OK
STEADY,4,441,144,2.44,21.51,OK
STEADY,1,442,140,2.44,21.53,OK
STEADY,4,442,142,2.44,21.53,OK
STEADY,2,442,153,2.44,21.54,OK
STEADY,3,441,223,2.44,21.55,OK
STEADY,1,443,143,2.44,21.56,OK
STEADY,4,443,141,2.44,21.57,OK
STEADY,2,443,151,2.44,21.57,OK
STEADY,2,444,147,2.44,21.58,OK
STEADY,1,444,151,2.44,21.60,OK
STEADY,4,444,146,2.44,21.59,OK
STEADY,3,442,258,2.44,21.61,OK
STEADY,3,443,218,2.44,21.62,OK
STEADY,3,444,177,2.44,21.62,OK
STEADY,3,445,143,2.44,21.63,OK
STEADY,1,445,131,2.44,21.64,OK
STEADY,2,445,145,2.44,21.64,OK
STEADY,4,445,146,2.44,21.65,OK
STEADY,1,446,141,2.44,21.66,OK
STEADY,3,446,163,2.44,21.67,OK
STEADY,4,446,149,2.44,21.68,OK
STEADY,2,446,153,2.44,21.68,OK
STEADY,3,447,146,2.44,21.69,OK
STEADY,1,447,142,2.44,21.70,OK
STEADY,4,447,139,2.44,21.71,OK
STEADY,2,447,144,2.44,21.72,OK
STEADY,1,448,135,2.44,21.72,OK
STEADY,3,448,161,2.44,21.74,OK
STEADY,4,448,136,2.44,21.73,OK
STEADY,2,448,150,2.44,21.75,OK
STEADY,3,449,150,2.44,21.75,OK
STEADY,1,449,143,2.44,21.76,OK
STEADY,2,449,148,2.44,21.77,OK
STEADY,4,449,149,2.44,21.78,OK
STEADY,2,450,143,2.44,21.79,OK
STEADY,1,450,147,2.44,21.80,OK
STEADY,4,450,149,2.44,21.81,OK
STEADY,1,451,143,2.44,21.83,OK
STEADY,2,451,154,2.44,21.83,OK
STEADY,4,451,150,2.44,21.84,OK
STEADY,1,452,138,2.44,21.86,OK
STEADY,4,452,138,2.44,21.87,OK
STEADY,3,450,246,2.44,21.79,OK
STEADY,3,451,206,2.44,21.82,OK
STEADY,3,452,166,2.44,21.85,OK
STEADY,2,452,152,2.44,21.87,OK
STEADY,1,453,134,2.44,21.89,OK
STEADY,3,453,163,2.44,21.88,OK
STEADY,2,453,150,2.44,21.90,OK
STEADY,4,453,152,2.44,21.91,OK
STEADY,3,454,147,2.44,21.91,OK
STEADY,2,454,140,2.44,21.92,OK
STEADY,4,454,142,2.44,21.93,OK
STEADY,1,454,150,2.44,21.94,OK
STEADY,3,455,138,2.44,21.95,OK
STEADY,1,455,139,2.44,21.96,OK
STEADY,2,455,138,2.44,21.95,OK
STEADY,4,455,138,2.44,21.97,OK
STEADY,3,456,139,2.44,21.98,OK
STEADY,1,456,142,2.44,21.99,OK
STEADY,4,456,143,2.44,21.99,OK
STEADY,2,456,148,2.44,22.00,OK
STEADY,3,457,139,2.44,22.01,OK
STEADY,1,457,142,2.44,22.02,OK
STEADY,2,457,146,2.44,22.03,OK
STEADY,4,457,147,2.44,22.03,OK
STEADY,3,458,149,2.44,22.04,OK
STEADY,4,458,142,2.44,22.05,OK
STEADY,1,458,149,2.44,22.07,OK
STEADY,2,458,151,2.44,22.06,OK
STEADY,3,459,143,2.44,22.07,OK
STEADY,4,459,139,2.44,22.08,OK
STEADY,1,459,144,2.44,22.09,OK
STEADY,2,459,154,2.44,22.10,OK
STEADY,3,460,150,2.44,22.11,OK
STEADY,1,460,139,2.44,22.11,OK
STEADY,4,460,144,2.44,22.12,OK
STEADY,3,461,135,2.44,22.13,OK
STEADY,1,461,135,2.44,22.14,OK
STEADY,4,461,151,2.44,22.15,OK
STEADY,3,462,146,2.44,22.15,OK
STEADY,4,462,141,2.44,22.16,OK
STEADY,1,462,149,2.44,22.17,OK
STEADY,3,463,148,2.44,22.18,OK
STEADY,2,460,250,2.44,22.19,OK
STEADY,2,461,209,2.44,22.20,OK
STEADY,2,462,168,2.44,22.20,OK
STEADY,1,463,142,2.44,22.21,OK
STEADY,4,463,141,2.44,22.22,OK
STEADY,3,464,149,2.44,22.23,OK
STEADY,2,463,167,2.44,22.23,OK
STEADY,1,464,147,2.44,22.24,OK
STEADY,4,464,150,2.44,22.26,OK
STEADY,2,464,152,2.44,22.25,OK
STEADY,3,465,147,2.44,22.27,OK
STEADY,4,465,146,2.44,22.27,OK
STEADY,2,465,149,2.44,22.28,OK
STEADY,1,465,152,2.44,22.29,OK
STEADY,3,466,153,2.44,22.30,OK
STEADY,1,466,137,2.44,22.31,OK
STEADY,4,466,146,2.44,21.51,OK
STEADY,3,467,136,2.44,21.52,OK
STEADY,2,466,153,2.44,21.53,OK
STEADY,1,467,138,2.44,21.53,OK
STEADY,4,467,145,2.44,21.54,OK
STEADY,2,467,149,2.44,21.55,OK
STEADY,3,468,143,2.44,21.56,OK
STEADY,1,468,133,2.44,21.57,OK
STEADY,4,468,142,2.44,21.57,OK
STEADY,2,468,157,2.44,21.58,OK
STEADY,3,469,147,2.44,21.59,OK
STEADY,4,469,136,2.44,21.60,OK
STEADY,1,469,139,2.44,21.61,OK
STEADY,2,469,155,2.44,21.61,OK
STEADY,3,470,143,2.44,21.62,OK
STEADY,4,470,130,2.44,21.63,OK
STEADY,1,470,143,2.44,21.64,OK
STEADY,2,470,152,2.44,21.65,OK
STEADY,3,471,145,2.44,21.65,OK
STEADY,1,471,146,2.44,21.67,OK
STEADY,4,471,148,2.44,21.66,OK
STEADY,2,471,160,2.44,21.68,OK
STEADY,3,472,146,2.44,21.69,OK
STEADY,1,472,142,2.44,21.69,OK
STEADY,4,472,143,2.44,21.70,OK
STEADY,3,473,139,2.44,21.72,OK
STEADY,2,472,153,2.44,21.71,OK
STEADY,1,473,142,2.44,21.73,OK
STEADY,4,473,144,2.44,21.73,OK
STEADY,2,473,148,2.44,21.74,OK
STEADY,3,474,136,2.44,21.75,OK
STEADY,2,474,143,2.44,21.76,OK
STEADY,4,474,145,2.44,21.77,OK
STEADY,1,474,148,2.44,21.77,OK
STEADY,3,475,148,2.44,21.78,OK
STEADY,4,475,138,2.44,21.79,OK
STEADY,1,475,140,2.44,21.80,OK
STEADY,2,475,150,2.44,21.81,OK
STEADY,3,476,141,2.44,21.81,OK
STEADY,4,476,142,2.44,21.82,OK
STEADY,1,476,146,2.44,21.83,OK
STEADY,3,477,142,2.44,21.85,OK
STEADY,2,476,155,2.44,21.84,OK
STEADY,4,477,141,2.44,21.85,OK
STEADY,1,477,148,2.44,21.86,OK
STEADY,2,477,149,2.44,21.87,OK
STEADY,3,478,141,2.44,21.88,OK
STEADY,1,478,138,2.44,21.89,OK
STEADY,4,478,138,2.44,21.89,OK
STEADY,2,478,141,2.44,21.90,OK
STEADY,3,479,151,2.44,21.91,OK
STEADY,1,479,139,2.44,21.92,OK
STEADY,4,479,141,2.44,21.93,OK
STEADY,2,479,149,2.44,21.93,OK
STEADY,3,480,147,2.33,21.94,OK
STEADY,1,480,132,2.33,21.95,OK
STEADY,4,480,145,2.33,21.96,OK
STEADY,2,480,147,2.33,21.97,OK
STEADY,3,481,143,2.33,21.97,OK
STEADY,4,481,138,2.33,21.98,OK
STEADY,2,481,146,2.33,21.99,OK
STEADY,1,481,152,2.33,22.00,OK
STEADY,3,482,143,2.33,22.00,OK
STEADY,2,482,144,2.33,22.01,OK
STEADY,4,482,145,2.33,22.02,OK
STEADY,1,482,148,2.33,22.03,OK
STEADY,3,483,140,2.33,22.04,OK
STEADY,1,483,150,2.33,22.04,OK
STEADY,2,483,153,2.33,22.05,OK
STEADY,4,483,155,2.33,22.06,OK
STEADY,3,484,152,2.33,22.07,OK
STEADY,1,484,148,2.33,22.08,OK
STEADY,2,484,147,2.33,22.08,OK
STEADY,4,484,149,2.33,22.09,OK
STEADY,3,485,154,2.33,22.10,OK
STEADY,1,485,141,2.33,22.11,OK
STEADY,2,485,147,2.33,22.12,OK
STEADY,3,486,134,2.33,22.12,OK
STEADY,4,485,149,2.33,22.13,OK
STEADY,1,486,142,2.33,22.14,OK
STEADY,4,486,143,2.33,22.15,OK
STEADY,2,486,144,2.33,22.16,OK
STEADY,3,487,144,2.33,22.16,OK
STEADY,1,487,140,2.33,22.18,OK
STEADY,4,487,138,2.33,22.17,OK
STEADY,2,487,148,2.33,22.19,OK
STEADY,3,488,152,2.33,22.20,OK
STEADY,4,488,142,2.33,22.20,OK
STEADY,2,488,149,2.33,22.21,OK
STEADY,1,488,151,2.33,22.22,OK
STEADY,3,489,146,2.33,22.23,OK
STEADY,1,489,136,2.33,22.24,OK
STEADY,2,489,146,2.33,22.24,OK
STEADY,4,489,148,2.33,22.25,OK
STEADY,3,490,148,2.33,22.26,OK
STEADY,1,490,138,2.33,22.27,OK
STEADY,4,490,155,2.33,22.28,OK
STEADY,2,490,156,2.33,22.28,OK
STEADY,3,491,151,2.33,22.29,OK
STEADY,4,491,144,2.33,22.30,OK
STEADY,1,491,147,2.33,21.51,OK
STEADY,2,491,150,2.33,21.52,OK
STEADY,3,492,145,2.33,21.53,OK
STEADY,1,492,142,2.33,21.54,OK
STEADY,2,492,143,2.33,21.53,OK
STEADY,4,492,150,2.33,21.55,OK
STEADY,3,493,141,2.33,21.56,OK
STEADY,1,493,144,2.33,21.57,OK
STEADY,2,493,146,2.33,21.57,OK
STEADY,3,494,135,2.33,21.58,OK
STEADY,4,493,152,2.33,21.59,OK
STEADY,4,494,141,2.33,21.60,OK
STEADY,1,494,146,2.33,21.61,OK
STEADY,2,494,149,2.33,21.61,OK
STEADY,3,495,145,2.33,21.62,OK
STEADY,1,495,145,2.33,21.63,OK
STEADY,4,495,146,2.33,21.64,OK
STEADY,3,496,145,2.33,21.65,OK
STEADY,2,495,157,2.33,21.65,OK
STEADY,1,496,136,2.33,21.66,OK
STEADY,4,496,143,2.33,21.67,OK
STEADY,2,496,147,2.33,21.68,OK
STEADY,3,497,140,2.33,21.69,OK
STEADY,1,497,127,2.33,21.69,OK
STEADY,4,497,139,2.33,21.70,OK
STEADY,2,497,152,2.33,21.71,OK
STEADY,3,498,148,2.33,21.72,OK
STEADY,1,498,139,2.33,21.73,OK
STEADY,2,498,138,2.33,21.73,OK
STEADY,4,498,140,2.33,21.74,OK
STEADY,3,499,138,2.33,21.75,OK
STEADY,4,499,140,2.33,21.76,OK
STEADY,1,499,146,2.33,21.77,OK
STEADY,2,499,156,2.33,21.77,OK
STEADY,3,500,145,2.33,21.78,OK
STEADY,1,500,137,2.33,21.79,OK
STEADY,2,500,144,2.33,21.80,OK
STEADY,4,500,152,2.33,21.81,OK
